-- phpMyAdmin SQL Dump
-- version 4.9.0.1
-- https://www.phpmyadmin.net/
--
-- Máy chủ: 127.0.0.1
-- Thời gian đã tạo: Th9 12, 2020 lúc 09:36 AM
-- Phiên bản máy phục vụ: 10.3.16-MariaDB
-- Phiên bản PHP: 7.1.30

SET SQL_MODE = "NO_AUTO_VALUE_ON_ZERO";
SET AUTOCOMMIT = 0;
START TRANSACTION;
SET time_zone = "+00:00";


/*!40101 SET @OLD_CHARACTER_SET_CLIENT=@@CHARACTER_SET_CLIENT */;
/*!40101 SET @OLD_CHARACTER_SET_RESULTS=@@CHARACTER_SET_RESULTS */;
/*!40101 SET @OLD_COLLATION_CONNECTION=@@COLLATION_CONNECTION */;
/*!40101 SET NAMES utf8mb4 */;

--
-- Cơ sở dữ liệu: `database_nth`
--

-- --------------------------------------------------------

--
-- Cấu trúc đóng vai cho view `rating`
-- (See below for the actual view)
--
CREATE TABLE `rating` (
`product_id` int(11)
,`img` varchar(1000)
,`name` varchar(500)
,`socmt` bigint(21)
,`rating` double
);

-- --------------------------------------------------------

--
-- Cấu trúc bảng cho bảng `tbl_advertisements`
--

CREATE TABLE `tbl_advertisements` (
  `id_ad` int(11) NOT NULL,
  `name` varchar(1000) NOT NULL,
  `img` varchar(500) NOT NULL,
  `link` varchar(1000) NOT NULL,
  `loai` int(11) NOT NULL
) ENGINE=InnoDB DEFAULT CHARSET=utf8;

--
-- Đang đổ dữ liệu cho bảng `tbl_advertisements`
--

INSERT INTO `tbl_advertisements` (`id_ad`, `name`, `img`, `link`, `loai`) VALUES
(1, '', 'KM_1.jpg', 'index.php?controller=KMDetail&id=1', 1),
(2, 'Mạnh Mẽ, Thời Thượng', 'product18_3.jpg', 'index.php?controller=ProductDetail&id=18', 1),
(3, '', 'KM_5.jpg\r\n', 'index.php?controller=KMDetail&id=3', 2),
(4, 'Trang phục thời thượng cho phái mạnh', 'slide_1.jpg', 'index.php?controller=BlogDetail&news=0&id=2', 1),
(5, '', 'blog_2.jpg', 'index.php?controller=KMDetail&id=5', 2),
(6, '', 'KM_3.jpg', 'index.php?controller=KMDetail&id=4', 3),
(7, '', 'KM_4.jpg', 'index.php?controller=KMDetail&id=5', 1),
(8, '', 'KM_2.jpg', 'index.php?controller=KMDetail&id=2', 2);

-- --------------------------------------------------------

--
-- Cấu trúc bảng cho bảng `tbl_cart`
--

CREATE TABLE `tbl_cart` (
  `id_cart` int(11) NOT NULL,
  `product_id` int(11) NOT NULL,
  `id_user` int(11) NOT NULL,
  `name` varchar(500) NOT NULL,
  `img` varchar(500) NOT NULL,
  `number` int(11) NOT NULL,
  `size` varchar(500) NOT NULL,
  `price` int(11) NOT NULL
) ENGINE=InnoDB DEFAULT CHARSET=utf8;

--
-- Đang đổ dữ liệu cho bảng `tbl_cart`
--

INSERT INTO `tbl_cart` (`id_cart`, `product_id`, `id_user`, `name`, `img`, `number`, `size`, `price`) VALUES
(3, 1, 0, 'Áo Sơ Mi Nam Trắng', 'product1_1.jpg', 2, 'M', 56000),
(4, 4, 0, 'Áo khoác kaki jean Nam UNISEX - 6 màu căn bản', 'product4_1.jpg', 1, 'S', 160000),
(5, 5, 0, 'Áo khoác jean nam phong cách Hàn Quốc AKJN012 (Xanh bò)', 'product5_1.jpg', 1, 'S', 300000),
(7, 3, 11, 'Áo Sơ Mi Nam Kẻ Caro Cổ Bẻ Dài Tay Phong Cách Hàn Quốc', 'product3_1.jpg', 1, 'S', 139000);

-- --------------------------------------------------------

--
-- Cấu trúc bảng cho bảng `tbl_category`
--

CREATE TABLE `tbl_category` (
  `category_id` int(11) NOT NULL,
  `name` varchar(500) DEFAULT NULL
) ENGINE=InnoDB DEFAULT CHARSET=utf8;

--
-- Đang đổ dữ liệu cho bảng `tbl_category`
--

INSERT INTO `tbl_category` (`category_id`, `name`) VALUES
(1, 'Áo'),
(2, 'Quần'),
(3, 'Mũ'),
(4, 'Giày'),
(5, 'Đồng hồ'),
(6, 'Vest'),
(7, 'Đồ thể thao ');

-- --------------------------------------------------------

--
-- Cấu trúc bảng cho bảng `tbl_cmt`
--

CREATE TABLE `tbl_cmt` (
  `cmt_id` int(11) NOT NULL,
  `email` varchar(500) DEFAULT NULL,
  `product_id` int(11) DEFAULT NULL,
  `time` date NOT NULL,
  `nd_cmt` text NOT NULL,
  `rating` varchar(100) NOT NULL,
  `img1` varchar(500) NOT NULL,
  `img2` varchar(500) NOT NULL,
  `img3` varchar(500) NOT NULL
) ENGINE=InnoDB DEFAULT CHARSET=utf8;

--
-- Đang đổ dữ liệu cho bảng `tbl_cmt`
--

INSERT INTO `tbl_cmt` (`cmt_id`, `email`, `product_id`, `time`, `nd_cmt`, `rating`, `img1`, `img2`, `img3`) VALUES
(1, 'nth@gmail.com', 1, '2019-02-10', 'Sản phẩm đep, mặc thoải mái, dất dễ giặt và phơi.\r\nShop có sản phẩm mới thì đăng tiếp nha.', '4', 'product1_1.jpg', 'product2_1.jpg', 'product10_1.jpg'),
(2, 'Huy Nguyen', 3, '2020-04-12', 'Sản phẩm đẹp. Tôi rất ưng ý\r\n', '5', 'product3_1.jpg', 'product1_4.jpg', ''),
(3, 'ad@gmail.com', 1, '2020-01-01', 'Sản phẩm như cc', '3', '', '', 'product13_1.jpg\r\n'),
(4, 'Trang', 20, '2020-02-03', 'Shop còn hàng không ạ. e đang cần gấp', '4', '', '', ''),
(5, 'ad@gmail.com', 1, '2020-01-01', 'Sản phẩm như cc', '3', '', 'product15_1.jpg', ''),
(6, 'Tùng', 1, '2019-02-10', 'Sản phẩm đep, mặc thoải mái, dất dễ giặt và phơi.\r\nShop có sản phẩm mới thì đăng tiếp nha.', '4', 'product11_1.jpg', 'product12_1.jpg', ''),
(7, 'Nam', 1, '2019-02-10', 'Sản phẩm đep, mặc thoải mái, dất dễ giặt và phơi.\r\nShop có sản phẩm mới thì đăng tiếp nha.', '4', '', 'product22_1.jpg', ''),
(8, 'Hùng', 1, '2019-02-10', 'Sản phẩm đep, mặc thoải mái, dất dễ giặt và phơi.\r\nShop có sản phẩm mới thì đăng tiếp nha.', '4', '', 'product8_1.jpg', 'product1_2.jpg'),
(9, 'Long', 4, '2020-01-05', 'Đẹp', '4', 'product16_1.jpg', '', ''),
(10, 'Long', 8, '2020-04-16', 'Xấu', '4', 'product11_1.jpg', '', ''),
(15, 'huy', 5, '0000-00-00', 'Đẹp ', '3.5', 'product7_3.jpg', '', ''),
(22, 'Đại ca', 2, '2020-04-17', 'Sản phẩm đẹp. Ưa nhìn.', '4.5', '', '', ''),
(23, 'Đại ca', 2, '2020-04-17', 'Sản phẩm đẹp. Ưa nhìn. Mặc thoải mái', '4.5', '', '', 'product3_4.jpg'),
(24, 'huy@gmail.com', 21, '2020-04-17', 'Khá đẹp', '4', '', '', ''),
(25, 'huy@gmail.com', 21, '2020-04-17', 'Khá đẹp', '4', '', '', ''),
(28, 'huy@gmail.com', 22, '2020-04-17', '', '4.5', 'product7_1.jpg', '', ''),
(30, 'okmen@gmail.com', 11, '2020-04-18', 'Sản phẩm khá là đẹp. Tôi rất ưng ý ', '4.5', 'product7_5.jpg', '', ''),
(31, 'Tiến', 13, '2020-04-18', 'Đẹp đó', '3.5', '', '', ''),
(32, 'Nam', 20, '2020-04-18', '', '4.5', '', 'product1_4.jpg', ''),
(33, 'Tuan123@gmail.com', 19, '2020-04-18', '', '2.5', '', 'product3_3.jpg', ''),
(34, 'nta@gmail.com', 17, '2020-04-18', '', '3.5', 'product16_2.jpg', '', ''),
(35, 'admin@gmail.com', 6, '2020-04-18', '', '3.5', '', '', 'product6_2.jpg'),
(36, 'huy@gmail.com', 14, '2020-04-21', 'Khá hài lòng', '3.5', 'product14_2.jpg', '', ''),
(37, 'Long AD', 14, '2020-04-21', '', '5', '', '', ''),
(38, 'admin@gmail.com', 22, '2020-04-22', '', '5', '', '', ''),
(39, 'Nguyễn Tiến Huy', 2, '2020-04-22', '', '4.5', 'product2_1.jpg', '', ''),
(40, 'Nam', 21, '2020-04-22', 'ổn áp đó shop :v', '3.5', '', 'product3_3.jpg', ''),
(41, 'nth@gmail.com', 18, '2020-05-03', 'OKKKKKKKKKKKKKKKKKKKKKKk', '', '', 'product3_5.jpg', ''),
(43, 'HUY', 7, '2020-05-03', 'Sự kết hợp hoàn hảo', '4', 'product9_2.jpg', '', 'product7_5.jpg'),
(44, 'Nguyễn Tiến Huy', 5, '2020-05-05', 'Tôi rất hài lòng với sản phẩm của shop <3', '4.5', '', '', ''),
(45, 'Tien Anh', 17, '2020-05-07', 'Kha la hop', '', '', '', ''),
(46, 'Tien Anh', 17, '2020-05-07', 'Kha la hop', '', '', '', ''),
(47, 'admin@gmail.com', 17, '2020-05-07', '123', '4', '', '15888059645c5239afc5ce22907bdf.jpg', ''),
(48, 'nth@gmail.com', 18, '2020-05-07', 'Kha la dep', '', '', '', '1588806026299aeb4e389fc1c1988e1.jpg'),
(49, 'Huy', 11, '2020-05-07', 'Shop  co san pham ntn k a', '3.5', '15888060673aaccb2f52ecb5b2ecfd.jpg', '', ''),
(50, 'Huy', 11, '2020-05-07', 'Con nua day ', '', '1588806165ae91ff0c66cf8191d8de.jpg', '15888061653aaccb2f52ecb5b2ecfd.jpg', ''),
(53, 'Nguyễn Tiến Huy', 11, '2020-06-21', 'HELLO', '3.5', '', '', ''),
(54, 'Nguyễn Tiến Huy', 1, '2020-06-21', 'a', '4.5', '', '', ''),
(55, 'Nguyễn Tiến Huy', 11, '2020-06-21', 'ádsad', '4', '', '', ''),
(56, 'Nguyễn Tiến Huy', 12, '2020-06-21', 'tốt', '4.5', '', '', ''),
(57, 'Nguyễn Tiến Huy', 18, '2020-06-22', 'tốt', '4.5', '', '', ''),
(58, 'Nguyễn Tiến Huy', 47, '2020-06-22', 'tốt', '4.5', '', '', ''),
(59, 'Nguyễn Tiến Huy', 15, '2020-06-22', 'tốt', '4.5', '1592768460299aeb4e389fc1c1988e1.jpg', '', ''),
(60, 'Nguyễn Tiến Huy', 9, '2020-06-22', 'đẹp <3', '4.5', '1592768573c21a59fba59a42c41b8b.jpg', '', ''),
(61, 'Nguyễn Tiến Huy', 10, '2020-06-22', '100Đ', '', '', '', ''),
(62, 'Nguyễn Tiến Huy', 10, '2020-06-22', 'tốt', '5', '', '', '');

-- --------------------------------------------------------

--
-- Cấu trúc bảng cho bảng `tbl_contact`
--

CREATE TABLE `tbl_contact` (
  `id_contact` int(11) NOT NULL,
  `name` varchar(500) NOT NULL,
  `email` varchar(500) NOT NULL,
  `content` varchar(1000) NOT NULL
) ENGINE=InnoDB DEFAULT CHARSET=utf8;

--
-- Đang đổ dữ liệu cho bảng `tbl_contact`
--

INSERT INTO `tbl_contact` (`id_contact`, `name`, `email`, `content`) VALUES
(1, 'Nguyễn Tiến Huy', 'nth@gmail.com', 'Cần sửa thêm');

-- --------------------------------------------------------

--
-- Cấu trúc bảng cho bảng `tbl_customer`
--

CREATE TABLE `tbl_customer` (
  `customer_id` int(11) NOT NULL,
  `email` varchar(500) NOT NULL,
  `fullname` varchar(500) NOT NULL,
  `address` varchar(500) NOT NULL,
  `phone` varchar(500) NOT NULL
) ENGINE=InnoDB DEFAULT CHARSET=utf8;

--
-- Đang đổ dữ liệu cho bảng `tbl_customer`
--

INSERT INTO `tbl_customer` (`customer_id`, `email`, `fullname`, `address`, `phone`) VALUES
(2, 'nth@gmail.com', 'Nguyễn Tiến Huy', 'Minh Khai - Hoài Đức - Hà Nội', '0981519920'),
(3, 'huy@gmail.com', 'HUY ', 'Hà Nội-Hoài đức', '0981519920'),
(4, 'nth@gmail.com', 'Nguyễn Tiến Huy', 'Minh Khai - Hoài Đức - Hà Nội', '0981519920'),
(5, 'nth@gmail.com', 'Nguyễn Tiến Huy', 'Minh Khai - Hoài Đức - Hà Nội', '0981519920'),
(6, 'nth@gmail.com', 'Nguyễn Tiến Huy', 'Minh Khai - Hoài Đức - Hà Nội', '0981519920'),
(7, 'nth@gmail.com', 'Nguyễn Tiến Huy', 'Minh Khai - Hoài Đức - Hà Nội', '0981519920'),
(8, 'nth@gmail.com', 'Nguyễn Tiến Huy', 'Minh Khai - Hoài Đức - Hà Nội', '0981519920'),
(9, 'nth@gmail.com', 'Nguyễn Tiến Huy', 'Minh Khai - Hoài Đức - Hà Nội', '0981519920');

-- --------------------------------------------------------

--
-- Cấu trúc bảng cho bảng `tbl_detailproduct`
--

CREATE TABLE `tbl_detailproduct` (
  `id_detailproduct` int(11) NOT NULL,
  `product_id` int(11) NOT NULL,
  `img` varchar(500) NOT NULL
) ENGINE=InnoDB DEFAULT CHARSET=utf8;

--
-- Đang đổ dữ liệu cho bảng `tbl_detailproduct`
--

INSERT INTO `tbl_detailproduct` (`id_detailproduct`, `product_id`, `img`) VALUES
(1, 1, 'product1_3.jpg'),
(2, 1, 'product1_4.jpg'),
(3, 1, 'product1_5.jpg'),
(4, 2, 'product2_3.jpg'),
(5, 2, 'product2_4.jpg'),
(6, 3, 'product3_3.jpg'),
(7, 3, 'product3_4.jpg'),
(8, 3, 'product3_5.jpg'),
(9, 4, 'product4_3.jpg'),
(10, 4, 'product4_4.jpg'),
(11, 4, 'product4_5.jpg'),
(12, 5, 'product5_3.jpg'),
(13, 6, 'product6_3.jpg'),
(14, 7, 'product7_3.jpg'),
(15, 7, 'product7_4.jpg'),
(16, 7, 'product7_5.jpg'),
(17, 9, 'product9_3.jpg'),
(18, 9, 'product9_4.jpg'),
(19, 11, 'product11_3.jpg'),
(20, 10, 'product10_3.jpg'),
(21, 11, 'product11_4.jpg'),
(22, 12, 'product12_3.jpg'),
(23, 13, 'product13_3.jpg'),
(24, 13, 'product13_3.jpg'),
(25, 13, 'product13_4.jpg'),
(26, 13, 'product13_5.jpg'),
(27, 14, 'product14_3.jpg'),
(28, 14, 'product14_4.jpg'),
(29, 14, 'product14_5.jpg'),
(30, 16, 'product16_3.jpg'),
(31, 16, 'product16_4.jpg'),
(32, 16, 'product16_5.jpg'),
(33, 17, 'product17_3.jpg'),
(34, 18, 'product18_3.jpg'),
(35, 18, 'product18_4.jpg'),
(36, 18, 'product18_5.jpg'),
(37, 19, 'product19_3.jpg'),
(38, 19, 'product19_4.jpg'),
(39, 19, 'product19_5.jpg'),
(40, 20, 'product20_3.jpg'),
(41, 22, 'product22_3.jpg'),
(42, 22, 'product22_4.jpg'),
(43, 22, 'product22_5.jpg'),
(66, 47, '15916994111591695543254e729ba14a5814015b2.jpg'),
(67, 47, '1592062841product4_1.jpg');

-- --------------------------------------------------------

--
-- Cấu trúc bảng cho bảng `tbl_news`
--

CREATE TABLE `tbl_news` (
  `id_new` int(11) NOT NULL,
  `new_category` int(11) NOT NULL COMMENT '0:trong nước / 1:quốc tế / 2:hãng',
  `name` varchar(1000) NOT NULL,
  `img` varchar(1000) NOT NULL,
  `date` datetime NOT NULL,
  `mota` varchar(1000) NOT NULL,
  `noidung` text NOT NULL
) ENGINE=InnoDB DEFAULT CHARSET=utf8;

--
-- Đang đổ dữ liệu cho bảng `tbl_news`
--

INSERT INTO `tbl_news` (`id_new`, `new_category`, `name`, `img`, `date`, `mota`, `noidung`) VALUES
(1, 0, 'CARTIER “CHỞ” HƠN 2.000 VIÊN KIM CƯƠNG TRÊN HAI MẪU ĐỒNG HỒ CLE DE CARTIER VÀ HYPNOSE ĐẾN VIỆT NAM', 'new0_1.jpg', '2020-05-08 21:00:00', 'Bên cạnh những dòng đồng hồ trang sức nổi bật như Ballon Bleu De Cartier hay Tank và Santos, Cartier cũng vô cùng tự hào với hai sáng tạo mới ra mắt năm 2016 là Hypnose và Cle de Cartier. ', '<p style=\"text-align: justify;\">Nhà  kim hoàn Cartier từ lâu vốn nổi danh là bậc thầy trong lĩnh vực chế tác đồng hồ và trang sức. Năm 2016, Cartier ra mắt hai mẫu đồng hồ mới là Cle de Cartier và Hypnose gây chấn động bởi thiết kế đột phá &#8211; vừa mới mẻ nhưng vẫn giữ gìn được những di sản của nhà Cartier. Trong tháng 5 này, Cartier sẽ mang 2 phiên bản đặc biệt của đồng hồ Cle de Cartier và Hypnose đến Việt Nam.</p>\r\n<p style=\"text-align: justify;\">Đồng hồ Cle De Cartier được chế tác trên chất liệu vàng hồng được nạm 437 viên kim cương trên vỏ đồng hồ, 245 viên trên mặt đồng hồ và 936 viên kim cương cắt trên dây đồng hồ. Tổng cộng số kim cương trong mẫu đồng hồ Cle De Cartier này lên đến 1.618 viên.</p>\r\n<figure id=\"attachment_347188\" aria-describedby=\"caption-attachment-347188\" style=\"width: 800px\" class=\"wp-caption alignnone\"><img class=\"size-full wp-image-347188\" src=\"https://dep.com.vn/wp-content/uploads/2020/05/cartier-hypnose-cle-de-cartier-kim-cuong-deponline-01-20200508.jpg\" alt=\"\" width=\"800\" height=\"1456\" /><figcaption id=\"caption-attachment-347188\" class=\"wp-caption-text\">Đồng hồ Cle de Cartier</figcaption></figure>\r\n<p style=\"text-align: justify;\">Thu hút ánh nhìn bằng hiệu ứng thị giác của các vòng xoắn ốc vô tận, chiếc đồng hồ Hypnose sở hữu bộ vỏ bằng chất liệu vàng trắng thanh thoát. Đặc biệt được thiết kế với tổng số lượng kim cương lên đến 694 viên &#8211; trong đó vỏ đồng hồ được nạm 112 viên, mặt đồng hồ được nạm 252 viên và dây đồng hồ nạm 330 viên. Tất cả làm nên vẻ đẹp lộng lẫy khó cưỡng cho tuyệt tác này.</p><div class=\"advads-content\" style=\"text-align: center; \" id=\"advads-2004494306\"><script type=\"application/javascript\" src=\"//ced.sascdn.com/tag/2060/smart.js\" async></script>\r\n<div id=\"sas_44269\"></div>\r\n<script type=\"application/javascript\">\r\n	var sas = sas || {};\r\n	sas.cmd = sas.cmd || [];\r\n	sas.cmd.push(\r\n		function () {\r\n			sas.call(\r\n				{ siteId: 266381, pageId: 1127034, formatId: 44269, tagId: \"sas_44269\" },\r\n				{ networkId: 2060, domain: \"//adnetwork.adasiaholdings.com\" /*, onNoad: function() {} */ }\r\n			);\r\n		}\r\n	);\r\n</script></div>\r\n<figure id=\"attachment_347189\" aria-describedby=\"caption-attachment-347189\" style=\"width: 800px\" class=\"wp-caption alignnone\"><img class=\"size-full wp-image-347189\" src=\"https://dep.com.vn/wp-content/uploads/2020/05/cartier-hypnose-cle-de-cartier-kim-cuong-deponline-02-20200508.jpg\" alt=\"\" width=\"800\" height=\"1848\" /><figcaption id=\"caption-attachment-347189\" class=\"wp-caption-text\">Đồng hồ Hypnose</figcaption></figure>\r\n<p style=\"text-align: justify;\">Sự kết hợp nhuần nhuyễn giữa những bí quyết nhà nghề chế tác đồng hồ và kim hoàn cao cấp của Cartier chưa bao giờ &#8220;phụ&#8221; lòng người hâm mộ. Những giá trị truyền thống của hai ngành nghề vô cùng đặc thù vẫn luôn lấp lánh tỏa sáng trên những sáng tạo mang hơi thở đương đại của Cartier. Đó cũng chính là những yếu tố làm nên sức hấp dẫn của các sáng tạo được đựng trong những chiếc hộp màu đỏ vô cùng quyến rũ.</p>'),
(2, 0, 'Nam giới đi giày tây cùng suit thế nào mới đúng chuẩn?', 'new0_2.jpg', '2020-05-05 21:15:00', 'Cách phối giày tây với trang phục đúng chuẩn đến từ sự kết hợp màu sắc theo quy tắc cơ bản. Nếu bạn chọn sai, set đồ sẽ bị phá hỏng.', '<table class=\"picture\" align=\"center\" style=\"width: 100%\"><tbody>\r\n                                    <tr>\r\n                                        <td class=\"pic\"><img  src=\"https://znews-photo.zadn.vn/w1024/Uploaded/rohunwa/2020_03_15/GT3.jpg\"  alt=\"Nam gioi di giay tay cung suit the nao moi dung chuan? hinh anh 1 GT3.jpg\" style=\"width: 100%\"></td></tr>\r\n                                    <tr>\r\n                                        <td class=\"pCaption caption\">\r\n                                            <p>Giày tây là phụ kiện không thể thiếu trong tủ đồ của phái mạnh. Những chàng trai luôn lựa chọn giày tây theo kích cỡ size chuẩn của đôi chân. Tuy nhiên, nhiều thương hiệu quốc tế thường có sự khác biệt về kích thước. Đôi khi hai bàn chân của người dùng lại có chiều dài lớn, nhỏ khác nhau. Các vấn đề cần nhớ khi lựa chọn giày tây vừa vặn chính là chiều rộng, chiều cao và phần mu bàn chân.</p>\r\n                                        </td>             \r\n                                    </tr>         \r\n                                </tbody>     \r\n                            </table>      \r\n                            <table class=\"picture\" align=\"center\">         \r\n                                <tbody>             \r\n                                    <tr>                 \r\n                                        <td class=\"pic\">                     \r\n                                            <img  src=\"https://znews-photo.zadn.vn/w1024/Uploaded/rohunwa/2020_03_15/GT0.jpg\"  alt=\"Nam gioi di giay tay cung suit the nao moi dung chuan? hinh anh 2 GT0.jpg\" style=\"width: 100%\">                 \r\n                                        </td>             \r\n                                    </tr>             \r\n                                    <tr>                \r\n                                     <td class=\"pCaption caption\">                 \r\n                                        <p>Điều cần để ý đầu tiên đến từ chiều rộng của giày. Việc đi giày không đúng sẽ khiến người dùng cảm giác khó chịu và ảnh hưởng tới sức khỏe đôi chân. Nếu quá chật có thể bị đau, phồng rộp da chân. Với những phụ kiện quá rộng, các chàng trai dễ dàng trượt ngã. </p>                 \r\n                                    </td>             \r\n                                </tr>         \r\n                            </tbody>     \r\n                        </table>      \r\n                        <table class=\"picture\" align=\"center\" style=\"width: 100%\">         \r\n                            <tbody>             \r\n                                <tr>                 \r\n                                    <td class=\"pic\">                     \r\n                                        <img  src=\"https://znews-photo.zadn.vn/w1024/Uploaded/rohunwa/2020_03_15/GT2.jpg\"  alt=\"Nam gioi di giay tay cung suit the nao moi dung chuan? hinh anh 3 GT2.jpg\" style=\"width: 100%\">                 \r\n                                    </td>             \r\n                                </tr>             \r\n                                <tr>                 \r\n                                    <td class=\"pCaption caption\">                 \r\n                                        <p>Người sở hữu mu bàn chân cao chỉ nên lựa chọn loafer hay boat shoes. Tránh xa những đôi Double monk strap, vì thiết kế thường ôm sát tạo cảm giác đau rát, lâu ngày sẽ gây tổn thương nghiêm trọng cho đôi chân.</p>                 </td>             </tr>         </tbody>     </table>    \r\n                                         <table class=\"picture\" align=\"center\" style=\"width: 100%\">         <tbody>             <tr>                 <td class=\"pic\">                     <img  src=\"https://znews-photo.zadn.vn/w1024/Uploaded/rohunwa/2020_03_15/GT8.jpg\"  alt=\"Nam gioi di giay tay cung suit the nao moi dung chuan? hinh anh 4 GT8.jpg\" style=\"width: 100%\">                 </td>             </tr>             <tr>                 <td class=\"pCaption caption\">                 <p>Ngoài việc lựa chọn một đôi giày tây vừa vặn, các tín đồ nam cũng phải hiểu rõ quy tắc phối màu sắc cùng trang phục để trở thành người ăn mặc tinh tế. Suit đen là một trong những kiểu dáng trang phục đơn giản nhất của quý ông. Đôi giày sáng màu như nâu hay xám không bao giờ được phối với suit đen. Phụ kiện sẽ làm mất sự cân bằng của bộ trang phục, trông nổi bật hơn so với tổng thể, khiến người đối diện cảm thấy khó chịu.</p>                 </td>             </tr>         </tbody>     </table>      <table class=\"picture\" align=\"center\" style=\"width: 100%\">         <tbody>             <tr>                 <td class=\"pic\">                     <img  src=\"https://znews-photo.zadn.vn/w1024/Uploaded/rohunwa/2020_03_15/GT1.jpg\"  alt=\"Nam gioi di giay tay cung suit the nao moi dung chuan? hinh anh 5 GT1.jpg\" style=\"width: 100%\">                 </td>             </tr>             <tr>                 <td class=\"pCaption caption\">                 <p>Xanh navy là màu sắc mang đến chiều sâu, dễ dàng thể hiện vẻ nam tính. Với ưu điểm về khả năng phối màu, các chàng trai có thể thoải mái kết hợp xanh navy với các sắc thái từ tông nâu, xám cho đến sắc đỏ burgundy thanh lịch.</p>                 </td>             </tr>         </tbody>     </table>            <table class=\"picture\" align=\"center\" style=\"width: 100%\">         <tbody>             <tr>                 <td class=\"pic\">                     <img  src=\"https://znews-photo.zadn.vn/w1024/Uploaded/rohunwa/2020_03_15/GT7.png\"  alt=\"Nam gioi di giay tay cung suit the nao moi dung chuan? hinh anh 6 GT7.png\" style=\"width: 100%\">                 </td>             </tr>             <tr>                 <td class=\"pCaption caption default-caption\">                 Tông xám chính là sự phù hợp với mọi màu da. Suit xám sẽ giúp người mặc trông thoải mái hơn, tránh cảm giác quá trang trọng như một bộ trang phục tông đen già dặn. Giày tây tông đen, đỏ burgundy sẽ gợi ý khi kết hợp cùng suit xám. Đối với style cổ điển, boots cao cổ tông nâu đậm cũng là sự lựa chọn hoàn hảo.                 </td>             </tr>         </tbody>     </table>      <table class=\"picture\" align=\"center\" style=\"width: 100%\">         <tbody>             <tr>                 <td class=\"pic\">                     <img  src=\"https://znews-photo.zadn.vn/w1024/Uploaded/rohunwa/2020_03_15/GT6.jpg\"  alt=\"Nam gioi di giay tay cung suit the nao moi dung chuan? hinh anh 7 GT6.jpg\" style=\"width: 100%\">                 </td>             </tr>             <tr>                 <td class=\"pCaption caption\">                 <p>Sự phối hợp giữa màu sắc giày và suit không chỉ gói gọn trong 3 quy tắc trên. Đối với các tông màu khác như beige, xanh olive, trắng, đỏ bordeaux… câu trả lời chính là phụ kiện gam nâu, đặc biệt là sắc nâu tối, đem lại sự an toàn cho cho tổng thể.</p>                 </td>             </tr>         </tbody>     </table>'),
(3, 1, '\r\nKhẩu trang không hề lỗi mốt: Tổng thống Pháp Macron bất ngờ xuất hiện thời trang và phong cách', 'new1_1.jpg', '2020-05-07 21:20:23', '(Tổ Quốc) - Hình ảnh Tổng thống Pháp Macron đeo khẩu trang màu xanh tím than có dải ruy băng sọc đỏ, trắng và xanh tượng trưng cho màu cờ của Pháp khi đến thăm trường học phía Tây Paris gây nhiều chú ý.', '<p>Theo AP, 100% khẩu trang đều được sản xuất tại Pháp, hình ảnh xuất hiện của Tổng thống Emmanuel Macron đã cho người dân Pháp thấy rằng trách nhiệm công dân đang đi cùng với phong cách thời trang trong suốt dịch bệnh Covid-19.<br></p><figure class=\"VCSortableInPreviewMode\" type=\"Photo\" style=\"text-align: center\"><div><img src=\"http://toquoc.mediacdn.vn/thumb_w/640/2020/5/7/0dc8504c-8f3a-11ea-a674-527cfdef49ee972x123943-1588840242830978743932.jpg\" id=\"img_0b9488f0-903d-11ea-8bdb-5386796b0dfe\" w=\"972\" h=\"648\" alt=\"Khẩu trang không hề lỗi mốt: Tổng thống Pháp Macron bất ngờ xuất hiện thời trang và phong cách - Ảnh 1.\" title=\"Khẩu trang không hề lỗi mốt: Tổng thống Pháp Macron bất ngờ xuất hiện thời trang và phong cách - Ảnh 1.\" rel=\"lightbox\" photoid=\"0b9488f0-903d-11ea-8bdb-5386796b0dfe\" type=\"photo\" style=\"max-width:100%;\" data-original=\"https://toquoc.mediacdn.vn/2020/5/7/0dc8504c-8f3a-11ea-a674-527cfdef49ee972x123943-1588840242830978743932.jpg\" width=\"\" height=\"\"></div><figcaption class=\"PhotoCMS_Caption\"><p data-placeholder=\"[Nhập chú thích ảnh]\" class=\"\">Hình ảnh Tổng thống Pháp Emmanuel Macron đeo khẩu trang trong đại dịch. Ảnh:AP</p></figcaption></figure><p>Tổng thống Macron đeo khẩu trang vải đến thăm một trường tiểu học được xem là hình mẫu khuyến khích người dân nên đeo khẩu trang trên các phương tiện giao thông công cộng và các địa điểm khác khi Pháp bắt đầu yêu cầu tiếp tục biện pháp phong tỏa vì dịch bệnh trong tuần tới.</p><p>Theo AP, chiếc khẩu trang màu xanh tím than mà Tổng thống Macron sử dụng hợp với màu cà vạt và bộ vest của Tổng thống Pháp. Điểm nhấn của chiếc khẩu trang là nhấn nhá thêm dải ruy băng sọc đỏ, trắng và xanh – màu cờ của nước Pháp.</p><figure class=\"VCSortableInPreviewMode\"  type=\"Photo\" style=\"text-align: center\"><div><img src=\"http://toquoc.mediacdn.vn/thumb_w/640/2020/5/7/059aff5a-8f3a-11ea-a674-527cfdef49eeimagehires123943-1588840286934728465803.jpg\" id=\"img_71be6790-903d-11ea-94cc-f9908238caa6\" w=\"1200\" h=\"800\" alt=\"Khẩu trang không hề lỗi mốt: Tổng thống Pháp Macron bất ngờ xuất hiện thời trang và phong cách - Ảnh 2.\" title=\"Khẩu trang không hề lỗi mốt: Tổng thống Pháp Macron bất ngờ xuất hiện thời trang và phong cách - Ảnh 2.\" rel=\"lightbox\" photoid=\"71be6790-903d-11ea-94cc-f9908238caa6\" type=\"photo\" style=\"max-width:100%;\" data-original=\"https://toquoc.mediacdn.vn/2020/5/7/059aff5a-8f3a-11ea-a674-527cfdef49eeimagehires123943-1588840286934728465803.jpg\" width=\"\" height=\"\"></div><figcaption class=\"PhotoCMS_Caption\"><p data-placeholder=\"[Nhập chú thích ảnh]\" class=\"\">Hình ảnh Tổng thống Emmanuel Macron xuất hiện ở một trường tiểu học của Pháp. Ảnh:Reuters</p></figcaption></figure><p>Tổng thống Pháp nhấn mạnh, khẩu trang có tác dụng bảo vệ người dân khỏi virus lây nhiễm do dệt kim Chanteclair sản xuất và được bán lẻ với giá 5.34 đôla Mỹ. Quân đội Pháp đã kiểm tra chất liệu trong tính hiệu quả về tác dụng lọc các hạt nhỏ và mang lại cảm giác dễ thở khi sử dụng.</p><p>Theo AP, tại trường tiểu học, khi một học sinh hỏi: \"Đây là ai vậy ạ?\" khi Tổng thống Pháp bước vào,Tổng thống Macron nhẹ nhàng tháo khẩu trang và để lộ khuôn mặt, sau đó lại đeo khẩu trang trở lại. Tổng thống Pháp thậm chí còn nói đùa về việc phải sử dụng nước rửa tay khô vì đã chạm vào khẩu trang.</p><div class=\"VCSortableInPreviewMode alignRight\" type=\"RelatedNewsBox\" data-style=\"align-right\" relatednewsboxtype=\"type-2\"><div class=\"kbwscwl-relatedbox type-2\"><ul class=\"kbwscwlr-list\"><li class=\"kbwscwlrl\" data-date=\"06/05/2020 13:34\" data-id=\"420206514614566\" data-avatar=\"http://toquoc.mediacdn.vn/2020/5/6/avatar1588749779886-15887497798891307023079-crop-15887498055291242628554.png\" data-url=\"/nganh-cong-nghiep-thoi-trang-moi-khai-sinh-tu-dai-dich-covid-19-khau-trang-420206514614566.htm\" data-title=\"Ngành công nghiệp thời trang mới khai sinh từ đại dịch Covid-19: Khẩu trang\"><h4 class=\"kbwscwlrl-title\"><a target=\"_blank\" href=\"/nganh-cong-nghiep-thoi-trang-moi-khai-sinh-tu-dai-dich-covid-19-khau-trang-420206514614566.htm\" class=\"title link-callout\">Ngành công nghiệp thời trang mới khai sinh từ đại dịch Covid-19: Khẩu trang</a></h4></li></ul></div></div><p>Khi dịch bệnh bắt đầu xuất hiện ở châu Âu, khẩu trang y tế của Pháp chỉ dành cho các nhân viên trong bệnh viện. Tuy nhiên, sau đó, chính phủ Pháp đã khuyến khích tự làm khẩu trang ở nhà&nbsp;để sử dụng trong bối cảnh thiếu thốn khẩu trang y tế.</p><p>Những chiếc khẩu trang vải và giấy mà Tổng thống Pháp Macron và Bộ trưởng Giáo dục Pháp Jean-Michel Blanquer sử dụng đều có sẵn ở các siêu thị Pháp trong tuần này và khuyến khích người dân sử dụng rộng rãi từ 11/5 trở đi.</p><p>Trước đó, các hình ảnh của Tổng thống Slovankia - Zuzana Caputova cũng đeo khẩu trang hồng sẫm từng thu hút chú ý hồi tháng Ba trên Twitter. </p><p>Tại Đức, Thủ hiến bang Bavaria - Markus Soeder cũng đã đeo khẩu trang màu xanh-trắng xuất hiện trước công chúng trong đại dịch.</p>'),
(4, 2, 'Nike tiếp tục \'bắt tay\' Off-White ra mắt giày Air Force 1 màu nổi', 'new2_1.jpg', '2020-05-08 21:39:10', 'Tín đồ yêu thích dòng giày Air Force 1 hiện tỏ ra thích thú trước những phối màu đặc biệt khi kết hợp cùng hãng Off-White.', '<p>Nike Air Force là dòng giày thể thao được sản xuất bởi thương hiệu thời trang Nike bao gồm series: Air Force 1, Air Force 2, Air Force 3, Air Force STS, Air Force 5, Air Force XXV và Air Force 09. Tuy nhiên, trải qua nhiều năm hình thành và phát triển, Nike Air Force 1 vẫn luôn là \"tượng đài\" trong cộng đồng yêu giày.</p><p>Mang nhiều nét đặc trưng của Air Force 1 Low, \"ông hoàng\" thời trang streetwear Virgil Abloh đem tới sự bứt phá về phối màu và những biểu tượng đặc trưng của Off-White.</p><p>Mới đây, cả hai tiếp tục \"bắt tay\" cùng nhau với 2 phiên bản mới mang tên University Gold và Metallic Silver. Mức giá dự kiến cho mỗi sản phẩm khoảng <abbr class=\"rate-usd\">150 USD</abbr> và ra mắt trong năm 2021. </p>     <table class=\"picture\" align=\"center\">         <tbody>             <tr>                 <td class=\"pic\">                     <img  src=\"https://znews-photo.zadn.vn/w660/Uploaded/rohunwa/2020_05_06/OFFWHITE.jpg\"  alt=\"Nike tiep tuc \'bat tay\' Off-White ra mat giay Air Force 1 mau noi hinh anh 1 OFFWHITE.jpg\">                 </td>             </tr>             <tr>                 <td class=\"pCaption caption\">                 <p>Nike sẽ tiếp tục hợp tác cùng Off-White ra mắt dòng giày Nike Air Force 1 tông màu nổi bật với mức giá dự kiến <abbr class=\"rate-usd\">150 USD</abbr>. </p>                 </td>             </tr>         </tbody>     </table> <p><span style=\"font-size: 16px;\">Gam màu vàng sáng bắt </span><span style=\"font-size: 16px;\">mắt kết hợp với phần zip-tie màu đỏ đặc trưng của Off-White khiến cho đôi giày trông </span><span style=\"font-size: 16px;\">cá tính, trẻ trung và năng động. Phần dấu Swoosh trứ danh cũng được thay thế bằng </span><span style=\"font-size: 16px;\">chất liệu vải ánh kim lấp lánh. </span></p><p>Nhiều người cho rằng 2 mẫu giày mới chắc chắn sau khi bày bán trên thị trường sẽ bị đẩy lên gấp nhiều lần so với giá gốc. Ngoài ra, một bộ phận dân chơi giày lại cho rằng phối màu này rất khó phối cùng trang phục và không phù hợp với ai yêu thích sự tối giản. </p><p>Tháng 7/2019, nhãn hàng phát hành sản phẩm Air Force 1 kết hợp cùng Off-White tại triểm lãm Nghệ thuật Đương đại Chicago mang tên \"MCA Chicago\". Bất ngờ được mở bán vào một tuần sau đó trên ứng dụng điện thoại SNKRS. Sắc xanh bao phủ trên thân giày cũng được đánh giá cao và được nhận xét là thiết kế đơn giản mà tinh tế nhất so với những màn hợp tác trước đây. </p><p>Với giá bán trung bình từ 44-81 triệu đồng, phối màu này mặc nhiên trở thành phối màu đắt giá nhất trong lịch sử phát triển của Nike Air Force 1. Thêm vào đó, Virgil Abloh cũng rất nhiệt tình \"lăng xê\" cho đứa con cưng của mình.</p>     <table class=\"picture\" align=\"center\">         <tbody>             <tr>                 <td class=\"pic\">                     <img  src=\"https://znews-photo.zadn.vn/w660/Uploaded/rohunwa/2020_05_06/NIKE2.jpg\"  alt=\"Nike tiep tuc \'bat tay\' Off-White ra mat giay Air Force 1 mau noi hinh anh 2 NIKE2.jpg\">                 </td>             </tr>             <tr>                 <td class=\"pCaption caption default-caption\">                 <p>Phối màu được đánh giá cao trong cuộc hợp tác giữa 2 \"ông lớn\" ngành thời trang. </p></td></tr></tbody></table>\r\n                              <p><video playsinline muted src=\"https://znews-video.zadn.vn/aka/2020_03_31/phuonganh/vi_tri_3.mp4?authen=exp=1588968646~acl=*/2020_03_31/phuonganh/vi_tri_3*~hmac=052f4e0bc6ddaec9d21493769860adbf\"  controls=\"controls\" allowads=\"true\" onlyvietnam=\"false\"  poster=\"https://znews-photo.zadn.vn/w660/Uploaded/yqdxwpjwq/2020_03_30/b.jpg\" preload=\"none\" aspect=\"16:9\" mediaId=\"caa32f86dbc632986bd7\" style=\"width: 100%\"></p>\r\n                               <p>Cận cảnh giày Nike Air Force 1 được độ theo hãng Drew House Jason Kovac khiến cộng đồng mạng mãn nhãn khi cho ra 2 thiết kế custom giày Nike đầy ấn tượng.</p>'),
(5, 2, 'Giày Yeezy 350 Sulfur ra mắt vào ngày 9/5, dân tình chê màu xấu', 'new2_2.jpg', '2020-05-06 19:36:18', 'Gần đến ngày ra mắt, sản phẩm mới của Kanye West lại nhận về nhiều ý kiến trái chiều.', '<p>Sự bùng phát của dịch bệnh có thể khiến các cửa hàng thời trang tạm ngừng hoạt động. Tuy nhiên, nó lại không khiến cho sản phẩm giày mới của Kanye West và adidas trì hoãn ngày phát hành.</p><p>Gần đây, fanpage của adidas Originals đăng tải thông báo cho ngày ra mắt chính thức của mẫu adidas Yeezy Boost 350 V2 Sulfur. Nó sẽ được trình làng vào thứ bảy tuần này (ngày 9/5).</p><p>Giống như \"đàn anh\" ra mắt trước đó, sản phẩm mới của dòng 350 V2 được bán lẻ với giá <abbr class=\"rate-usd\">220 USD</abbr>. Không những vậy, item này còn sở hữu những đặc điểm nổi bật quen thuộc như lớp upper với tấm primeknit, phần boost ở đế giữa, đế ngoài cao su và dây giày cùng tông màu.</p>\r\n                               <table class=\"picture gallery\" align=\"center\">\r\n                                <tbody>\r\n                                    <tr><td>\r\n                                        <img   alt=\"Giay Yeezy 350 Sulfur ra mat vao ngay 9/5, dan tinh che mau xau hinh anh 1 1.jpg\" src=\"https://znews-photo.zadn.vn/w660/Uploaded/yqdxwpjwq/2020_05_06/1.jpg\" height=\"667\" style=\"width: 100%\">\r\n                                    </td>\r\n                                    <td><img   alt=\"Giay Yeezy 350 Sulfur ra mat vao ngay 9/5, dan tinh che mau xau hinh anh 2 2.jpg\" src=\"https://znews-photo.zadn.vn/w660/Uploaded/yqdxwpjwq/2020_05_06/2.jpg\" style=\"width: 100%\" height=\"667\"></td>\r\n                                    </tr>\r\n                                    <tr>\r\n                                        <td><img   alt=\"Giay Yeezy 350 Sulfur ra mat vao ngay 9/5, dan tinh che mau xau hinh anh 3 4.jpg\" src=\"https://znews-photo.zadn.vn/w660/Uploaded/yqdxwpjwq/2020_05_06/4.jpg\" style=\"width: 100%\" height=\"667\"></td>\r\n                                        <td><img   alt=\"Giay Yeezy 350 Sulfur ra mat vao ngay 9/5, dan tinh che mau xau hinh anh 4 3.jpg\" src=\"https://znews-photo.zadn.vn/w660/Uploaded/yqdxwpjwq/2020_05_06/3.jpg\" style=\"width: 100%\" height=\"667\"></td>\r\n                                    </tr>\r\n                                        <tr><td class=\"pCaption caption\"><p>adidas Yeezy Boost 350 V2 Sulfur được lên kệ vào ngày 9/5 tới đây. Ảnh: <em>adidas</em>.</p></td></tr></tbody></table><p>Phối màu của adidas Yeezy Boost 350 V2 được miêu tả như màu của quả olive. Tuy nhiên, đôi sneakers này lại có phần tươi sáng hơn.</p><p>Theo <em>Yeezy Mafia</em>, sản phẩm mới của Kanye West có nét tương đồng với đôi adidas Yeezy Boost 350 V2 Dark Green đã bị hủy. Nó từng được xuất hiện tại show diễn<em> Yeezy Season 4 v</em>ào năm 2016.</p><p>Trên mạng xã hội, có ý kiến lại cho rằng adidas nên \"tạm nghỉ\", ngừng việc phát hành giày mới vào mỗi tuần. Tài khoản <em>@luna.hearts</em> cũng nói lên quan điểm của mình: \"Tại sao các phối màu đẹp lại chỉ có độc quyền tại Mỹ?\".</p><p>Đặc biệt, <em>@lotsofhype</em> lên tiếng chê bai đôi giày của Kanye West: \"Trông thật tệ hại\".\r\n                                    <div>\r\n                                        <video style=\"width: 100%\" playsinline muted src=\"https://znews-mcloud-bf-s2.zadn.vn/-GIsaeLbKWA/543ec1a334e0ddbe84f1/1ce302069c43751d2c52/480/67c360513712de4c8703.mp4?authen=exp=1589120594~acl=/-GIsaeLbKWA/*~hmac=4f4c32e33ed2fa4e70898e947ec37032\"  controls=\'controls\' allowads=\'true\' onlyvietnam=\'false\'  poster=\"https://znews-photo.zadn.vn/w660/Uploaded/rohunwa/2020_05_03/YEEZY1.jpg\" preload=\'none\' aspect=\'16:9\' mediaId=\'67c360513712de4c8703\'><source src=\"https://znews-mcloud-mpl-s2.zadn.vn/YNLmZPg7H6A/whls/vod/0/lxgxMoLEI4XeQ6jLn2e/67c360513712de4c8703.m3u8?authen=exp=1589077394~acl=/YNLmZPg7H6A/*~hmac=b13c869c583ca5624441fb5dfe0bc075\" type=\"application/x-mpegURL\" label=\"Auto\" /><source src=\"https://znews-mcloud-bf-s2.zadn.vn/-GIsaeLbKWA/543ec1a334e0ddbe84f1/1ce302069c43751d2c52/480/67c360513712de4c8703.mp4?authen=exp=1589120594~acl=/-GIsaeLbKWA/*~hmac=4f4c32e33ed2fa4e70898e947ec37032\" type=\"video/mp4\" label=\"SD\" res=\"480\" /><source src=\"https://znews-mcloud-bf-s2.zadn.vn/4Xby35fdulA/b7851018e55b0c05554a/429e6e7bf03e1960402f/720/67c360513712de4c8703.mp4?authen=exp=1589120594~acl=/4Xby35fdulA/*~hmac=a4ee662fb93246e1aaaf1ec65bc07ce2\" type=\"video/mp4\" label=\"HD\" res=\"720\" style=\"width: 100%\" /></video>\r\n                                    </div>\r\n                                    <p><a href=\"/video-lam-the-nao-de-phan-biet-giay-yeezy-that-va-gia-post1080503.html\" cate-id=\"622\" cate-name=\"Mặc đẹp\" topic-id=\"seo-4446\" target=\"_blank\" class=\"autolink\">Làm thế nào để phân biệt giày Yeezy thật và giả?</a></strong> Các tín đồ thời trang có thể dựa vào một số chi tiết để phân biệt giày thật và giả.</p>'),
(6, 0, 'Mới nắng nóng, cô gái trẻ đã gây bức xúc với thời trang phản cảm ngay giữa ban ngày', 'new0_3.jpg', '2020-05-07 21:17:47', 'GiadinhNet - Bất chấp mọi ánh nhìn, cô gái vẫn tự tin phô diễn da thịt trong set đồ kiệm vải, siêu ngắn trong những ngày đầu nắng nóng.', '<p>Trong cái nắng gắt lúc 10h sáng 5/5, hình ảnh một người đàn ông chở 1 cô gái trẻ di chuyển trên đường phố đã gây khó chịu cho người đi đường. Lý do là cô gái đã ăn trang phục vô cùng hở hang khi để lộ gần hết phần lưng và cánh tay.&nbsp;</p><div class=\"VCSortableInPreviewMode active\" type=\"Photo\" style=\"\"><div style=\"text-align: center\"><img src=\"http://giadinh.mediacdn.vn/2020/5/6/photo-1-1588737046304384186122.png\" id=\"img_c2d1b070-8f4c-11ea-ae8d-b52f71d8aad8\" w=\"620\" h=\"827\" alt=\"Mới nắng nóng, cô gái trẻ đã gây bức xúc với thời trang phản cảm ngay giữa ban ngày - Ảnh 1.\" title=\"Mới nắng nóng, cô gái trẻ đã gây bức xúc với thời trang phản cảm ngay giữa ban ngày - Ảnh 1.\" rel=\"lightbox\" photoid=\"c2d1b070-8f4c-11ea-ae8d-b52f71d8aad8\" type=\"photo\" style=\"max-width:100%;\" data-original=\"http://giadinh.mediacdn.vn/2020/5/6/photo-1-1588737046304384186122.png\" width=\"\" height=\"\"></div><div class=\"PhotoCMS_Caption\"><p data-placeholder=\"[nhập chú thích]\" class=\"\" style=\"text-align: center\">Hình ảnh khiến nhiều người \"nóng mắt\" xuất hiện ngày hôm qua</p></div></div><p>Hình ảnh được một tài khoản mạng xã hội đăng tải ghi nhận vào khoảng 10h sáng ngày 5/5 khi đường phố đang rất đông phương tiện đi lại. Lúc này, một cô gái ăn mặc trang phục vô cùng mát mẻ, để lộ gần hết phần lưng và cánh tay với dáng vẻ mệt mỏi được một người đàn ông chở trên đường.<br></p><p>Ngay khi hình ảnh trên được lan truyền, nhiều người đã tỏ ra bức xúc với thời trang của cô gái và thắc mắc không hiểu vì lí do gì mà cô gái lại ăn mặc như vậy khi di chuyển trên đường phố đông người giữa ban ngày.&nbsp;</p><p>\"Trời nắng như thế này mà mặc thế thì có mà cháy hết da. Chẳng hiểu suy nghĩ gì mà mặc như vậy nữa. Thời trang đâu không biết, chỉ thấy phản cảm\" - tài khoản V.A chia sẻ.</p><p>\"Chẳng ai cấm chuyện ăn mặc như nào nhưng cũng cần giữ chút lịch sự, ra đường thì phải khoác thêm tấm áo. Đấy là phép lịch sự tối thiểu ở nơi công cộng\" - tài khoản T.D bình luận.</p><p>Được biết, đây không phải là lần đầu những hình ảnh này xuất hiện trên đường phố gây bức xúc dư luận.</p><div class=\"VCSortableInPreviewMode active\" type=\"Photo\" style=\"text-align: center\"><div style=\"text-align: center\"><img  src=\"http://giadinh.mediacdn.vn/thumb_w/640/2020/5/6/photo-1-1588737098326976102709.jpg\" id=\"img_e12423f0-8f4c-11ea-9e0a-c7b73dae3746\" w=\"720\" h=\"960\" alt=\"Mới nắng nóng, cô gái trẻ đã gây bức xúc với thời trang phản cảm ngay giữa ban ngày - Ảnh 2.\" title=\"Mới nắng nóng, cô gái trẻ đã gây bức xúc với thời trang phản cảm ngay giữa ban ngày - Ảnh 2.\" rel=\"lightbox\" photoid=\"e12423f0-8f4c-11ea-9e0a-c7b73dae3746\" type=\"photo\" style=\"max-width:100%;\" data-original=\"http://giadinh.mediacdn.vn/2020/5/6/photo-1-1588737098326976102709.jpg\" width=\"\" height=\"\"></div><div class=\"PhotoCMS_Caption\" style=\"text-align: center\"><p data-placeholder=\"[nhập chú thích]\" class=\"\" >Trang phục \"thiếu trên hụt dưới\" của cô gái trẻ xuất hiện trong đợt nắng nóng năm 2019 khiến dân tình \"nóng mắt\"</p></div></div><div class=\"VCSortableInPreviewMode active\" type=\"Photo\" style=\"\"><div style=\"text-align: center\"><img src=\"http://giadinh.mediacdn.vn/thumb_w/640/2020/5/6/photo-1-1588737126602207653521.jpg\" id=\"img_f2071ba0-8f4c-11ea-8bdb-5386796b0dfe\" w=\"825\" h=\"549\" alt=\"Mới nắng nóng, cô gái trẻ đã gây bức xúc với thời trang phản cảm ngay giữa ban ngày - Ảnh 3.\" title=\"Mới nắng nóng, cô gái trẻ đã gây bức xúc với thời trang phản cảm ngay giữa ban ngày - Ảnh 3.\" rel=\"lightbox\" photoid=\"f2071ba0-8f4c-11ea-8bdb-5386796b0dfe\" type=\"photo\" style=\"max-width:100%;\" data-original=\"http://giadinh.mediacdn.vn/2020/5/6/photo-1-1588737126602207653521.jpg\" width=\"\" height=\"\"></div><div class=\"PhotoCMS_Caption\"><p data-placeholder=\"[nhập chú thích]\" class=\"\" style=\"text-align: center\">Cô gái mặc trang phục gây sốc</p></div></div>'),
(7, 1, 'Lee Min Ho mặc đồ Dior, Hermès đắt đỏ trong phim \'Quân vương bất diệt\'', 'new1_2.jpg', '2020-05-07 10:39:09', 'Trang phục và phụ kiện của nam diễn viên Hàn Quốc đều thuộc bộ sưu tập đến từ các nhà mốt danh tiếng, có mức giá cao.', ' <table class=\"picture\" align=\"center\">         <tbody>             <tr>                 <td class=\"pic\" style=\"text-align: center\">                     <img  src=\"https://znews-photo.zadn.vn/w660/Uploaded/rohunwa/2020_05_05/LEE0.jpg\"  alt=\"Lee Min Ho mac do Dior, Hermes dat do trong phim \'Quan vuong bat diet\' hinh anh 1 LEE0.jpg\">                 </td>             </tr>             <tr>                 <td class=\"pCaption caption default-caption\">                 <p><em>Quân vương bất diệt</em> <em>(The King: Eternal Monarcha)</em> là dự án đánh dấu sự trở lại của <a href=\"https://zingnews.vn/tieu-diem/lee-min-ho.html\" title=\"Tin tức Lee Min Ho\" class=\"topic person autolink\" topic-id=\"3745\">Lee Min Ho</a> và biên kịch Kim Eun Sook. Tuy nhiên, bộ phim đón nhận nhiều ý kiến trái chiều. Khán giả cho rằng cốt truyện khá nhàm chán, không có gì mới mẻ. Diễn xuất của Lee Min Ho trong phim cũng không được đánh giá cao, mang dáng dấp phim thần tượng 10 năm trước. </p>                 </td>             </tr>         </tbody>     </table>      <table class=\"picture\" align=\"center\">         <tbody>             <tr>                 <td class=\"pic\" style=\"text-align: center\">                     <img  src=\"https://znews-photo.zadn.vn/w660/Uploaded/rohunwa/2020_05_05/LEE1.jpg\"  alt=\"Lee Min Ho mac do Dior, Hermes dat do trong phim \'Quan vuong bat diet\' hinh anh 2 LEE1.jpg\">                 </td>             </tr>             <tr>                 <td class=\"pCaption caption default-caption\">                 <p>Trong phim, Lee Min Ho xuất hiện với hình ảnh \"nam thần\" thanh lịch, sang trọng trong những set đồ hàng hiệu đắt giá. Ở một phân cảnh tập 3, nam diễn viên mang đến hình tượng quý ông với set đồ đến từ nhà mốt Dior thuộc bộ sưu tập (BST) thu - đông 2019 với mức giá hơn <abbr class=\"rate-usd\">3.080 USD</abbr>. Anh tiết chế phần dây lụa được thêu bên trong để bộ cánh trở nên tối giản. </p>                 </td>             </tr>         </tbody>     </table>      <table class=\"picture\" align=\"center\">         <tbody>             <tr>                 <td class=\"pic\" style=\"text-align: center\">                     <img  src=\"https://znews-photo.zadn.vn/w660/Uploaded/rohunwa/2020_05_05/LEE2.jpg\"  alt=\"Lee Min Ho mac do Dior, Hermes dat do trong phim \'Quan vuong bat diet\' hinh anh 3 LEE2.jpg\">                 </td>             </tr>             <tr>                 <td class=\"pCaption caption default-caption\">                  Set đồ Lee Min Ho diện trong cảnh quay đến thư viện có tổng giá trị lên tới gần 120 triệu đồng với blazer giá <abbr class=\"rate-usd\">3.700 USD</abbr> và áo len giá <abbr class=\"rate-usd\">1.400 USD</abbr> đều đến từ nhà mốt Gucci. Anh cũng không kết hợp phụ kiện đi kèm để tránh sự rườm rà trong những khung hình. </td>             </tr>         </tbody>     </table>      <table class=\"picture\" align=\"center\">         <tbody>             <tr>                 <td class=\"pic\" style=\"text-align: center\">                     <img  src=\"https://znews-photo.zadn.vn/w660/Uploaded/rohunwa/2020_05_05/LEE4.jpg\"  alt=\"Lee Min Ho mac do Dior, Hermes dat do trong phim \'Quan vuong bat diet\' hinh anh 4 LEE4.jpg\">                 </td>             </tr>             <tr>                 <td class=\"pCaption caption default-caption\">Ưa chuộng áo khoác dáng dài, 8X sắm thiết kế của nhà mốt Fendi với logo thương hiệu được in bất đối xứng trên thắt eo có giá <abbr class=\"rate-usd\">3.200 USD</abbr>. Nam diễn viên kết hợp đồng điệu màu sắc cùng dáng quần tây ống suông thanh lịch. </td>             </tr>         </tbody>     </table>      <table class=\"picture\" align=\"center\">         <tbody>             <tr>                 <td class=\"pic\" style=\"text-align: center\">                     <img  src=\"https://znews-photo.zadn.vn/w660/Uploaded/rohunwa/2020_05_05/LEE5.jpg\"  alt=\"Lee Min Ho mac do Dior, Hermes dat do trong phim \'Quan vuong bat diet\' hinh anh 5 LEE5.jpg\">                 </td>             </tr>             <tr>                 <td class=\"pCaption caption default-caption\">                 <p>Dunhill là một trong những thương hiệu yêu thích của Lee Min Ho trong phim<em> Quân vương bất diệt</em>. Anh mặc nhiều thiết kế của hãng từ trang phục cho đến phụ kiện với tông màu tối giản. Ở phân cảnh tập 4, nam diễn viên chọn áo khoác dáng dài tối màu đi kèm set đồ tương phản bên trong thuộc BST xuân - hè 2020 của nhà mốt Anh với giá <abbr class=\"rate-usd\">2.890 USD</abbr>. </p>                 </td>             </tr>         </tbody>     </table>      <table class=\"picture\" align=\"center\">         <tbody>             <tr>                 <td class=\"pic\" style=\"text-align: center\">                     <img  src=\"https://znews-photo.zadn.vn/w660/Uploaded/rohunwa/2020_05_05/LEE6.jpg\"  alt=\"Lee Min Ho mac do Dior, Hermes dat do trong phim \'Quan vuong bat diet\' hinh anh 6 LEE6.jpg\">                 </td>             </tr>             <tr>                 <td class=\"pCaption caption default-caption\">                 <p>Thiết kế của Berluti có mức giá đắt đỏ nhất trong bộ sưu tập áo khoác dáng dài của Lee Min Ho với giá trị <abbr class=\"rate-usd\">8.200 USD</abbr>. Sản phẩm được may đo cao cấp theo chỉ số hình thể của người mặc với chất liệu cashmere ấm áp. </p>                 </td>             </tr>         </tbody>     </table>      <table class=\"picture\" align=\"center\">         <tbody>             <tr>                 <td class=\"pic\" style=\"text-align: center\">                     <img  src=\"https://znews-photo.zadn.vn/w660/Uploaded/rohunwa/2020_05_05/LEE7.jpg\"  alt=\"Lee Min Ho mac do Dior, Hermes dat do trong phim \'Quan vuong bat diet\' hinh anh 7 LEE7.jpg\">                 </td>             </tr>             <tr>                 <td class=\"pCaption caption default-caption\">                 <p>Lee Min Ho còn thể hiện vẻ sành điệu khi kết hợp các thiết kế trên sàn diễn Thu - Đông của Hermès như áo denim sắc xanh đồng điệu cùng áo khoác dáng dài. Tổng giá trị bộ trang phục lên đến con số <abbr class=\"rate-usd\">5.380 USD</abbr>. </p>                 </td>             </tr>         </tbody>     </table>      <table class=\"picture\" align=\"center\">         <tbody>             <tr>                 <td class=\"pic\" style=\"text-align: center\">                     <img  src=\"https://znews-photo.zadn.vn/w660/Uploaded/rohunwa/2020_05_05/LEE8.jpg\"  alt=\"Lee Min Ho mac do Dior, Hermes dat do trong phim \'Quan vuong bat diet\' hinh anh 8 LEE8.jpg\">                 </td>             </tr>             <tr>                 <td class=\"pCaption caption default-caption\">                 <p>Nam diễn viên cũng yêu thích mẫu áo len khoác ngoài của các nhà mốt tên tuổi. Anh phối áo cardigan của Raf Simons với giá <abbr class=\"rate-usd\">1.200 USD</abbr> cùng trang phục tối giản bên trong. </p>                 </td>             </tr>         </tbody>     </table>      <table class=\"picture\" align=\"center\">         <tbody>             <tr>                 <td class=\"pic\" style=\"text-align: center\">                     <img  src=\"https://znews-photo.zadn.vn/w660/Uploaded/rohunwa/2020_05_05/LEE10.jpg\"  alt=\"Lee Min Ho mac do Dior, Hermes dat do trong phim \'Quan vuong bat diet\' hinh anh 9 LEE10.jpg\">                 </td>             </tr>             <tr>                 <td class=\"pCaption caption default-caption\">                                  Các nhà mốt Hàn Quốc cũng được chàng tài tử lựa chọn. Anh thường diện thiết kế của nhà mốt Kimseoryong với mức giá tầm trung, nhưng phù hợp hình ảnh \"nam thần\" thanh lịch trong bộ phim. </td>             </tr>         </tbody>     </table>      <table class=\"picture\" align=\"center\">         <tbody>             <tr>                 <td class=\"pic\" style=\"text-align: center\">                     <img  src=\"https://znews-photo.zadn.vn/w660/Uploaded/rohunwa/2020_05_05/LEE11.jpg\"  alt=\"Lee Min Ho mac do Dior, Hermes dat do trong phim \'Quan vuong bat diet\' hinh anh 10 LEE11.jpg\">                 </td>             </tr>             <tr>                 <td class=\"pCaption caption default-caption\">                 <p>Ngoài trang phục, phụ kiện của nam diễn viên trong phim cũng đến từ thương hiệu xa xỉ. Chiếc đồng hồ được anh chàng khoe trong một phân cảnh của<em> Quân vương bất diệt </em>đến từ thương hiệu Longines, với mức giá <abbr class=\"rate-usd\">3.325 USD</abbr>. </p>                 </td>             </tr>         </tbody>     </table>      <table class=\"picture\" align=\"center\">         <tbody>             <tr>                 <td class=\"pic\" style=\"text-align: center\">                     <img  src=\"https://znews-photo.zadn.vn/w660/Uploaded/rohunwa/2020_05_05/LEE12.jpg\"  alt=\"Lee Min Ho mac do Dior, Hermes dat do trong phim \'Quan vuong bat diet\' hinh anh 11 LEE12.jpg\">                 </td>             </tr>             <tr>                 <td class=\"pCaption caption default-caption\">                 <p>Những kiểu boots cao cổ chất liệu da bóng tối giản họa tiết trở thành phụ kiện ưa chuộng của nam diễn viên khi kết hợp cùng bộ suit chỉn chu. Thiết kế đến từ nhà mốt Dunhill với giá <abbr class=\"rate-usd\">1.195 USD</abbr>. </p>                 </td>             </tr>         </tbody>     </table>      <table class=\"picture\" align=\"center\">         <tbody>             <tr>                 <td class=\"pic\" style=\"text-align: center\">                     <img  src=\"https://znews-photo.zadn.vn/w660/Uploaded/rohunwa/2020_05_05/LEE14.jpg\"  alt=\"Lee Min Ho mac do Dior, Hermes dat do trong phim \'Quan vuong bat diet\' hinh anh 12 LEE14.jpg\">                 </td>             </tr>             <tr>                 <td class=\"pCaption caption default-caption\">                                  Với áo khoác tông màu camel, Lee Min Ho khéo léo lựa chọn cặp kính to bản đồng điệu màu sắc với trang phục thuộc BST mới của Gentle Monster với giá <abbr class=\"rate-usd\">249 USD</abbr>. </td>             </tr>         </tbody>     </table>'),
(8, 0, 'Soobin Hoàng Sơn, K-ICM thích mặc áo sơ mi hở hình xăm', 'new0_4.jpg', '2020-05-08 21:55:31', 'Hai nam nghệ sĩ tuần qua đều kết hợp trang phục theo kiểu monochrome với tông màu trắng - đen tương phản.', '<table class=\"picture\" align=\"center\">         <tbody>             <tr>                 <td class=\"pic\" style=\"text-align: center\">                     <img  src=\"https://znews-photo.zadn.vn/w660/Uploaded/rohunwa/2020_05_03/SOOBIN1.jpg\"  alt=\"Soobin Hoang Son, K-ICM thich mac ao so mi ho hinh xam hinh anh 1 SOOBIN1.jpg\">                 </td>             </tr>             <tr>                 <td class=\"pCaption caption default-caption\">                 <p>Tuần qua, nhiều sao nam Việt chuộng trang phục chỉn chu với suit, blazer hay quần tây. Riêng <strong><a href=\"https://zingnews.vn/tieu-diem/soobin-hoang-son-nhan-vat.html\" title=\"Tin tức Soobin Hoàng Sơn\" class=\"topic person autolink\" topic-id=\"3648\">Soobin Hoàng Sơn</a></strong> yêu thích cách diện sơ mi hở nút thoải mái phù hợp với khí hậu mùa hè. Anh khoe khéo hình xăm trước ngực cùng set đồ tông đen tối giản với điểm nhấn họa tiết tương phản. Ảnh: <em>@soobin.hoangson. </em></p>                 </td>             </tr>         </tbody>     </table>           <table class=\"picture\" align=\"center\">         <tbody>             <tr>                 <td class=\"pic\" style=\"text-align: center\">                     <img  src=\"https://znews-photo.zadn.vn/w660/Uploaded/rohunwa/2020_05_03/SOOBIN5.jpg\"  alt=\"Soobin Hoang Son, K-ICM thich mac ao so mi ho hinh xam hinh anh 2 SOOBIN5.jpg\">                 </td>             </tr>             <tr>                 <td class=\"pCaption caption default-caption\">                 <p>Giống Soobin Hoàng Sơn, <strong>K-ICM </strong>lựa chọn áo sơ mi hở nút để lộ hai chiếc vòng cổ đeo lồng vào nhau với tông màu đen nổi bật. 9X cũng kết hợp trang phục theo kiểu white-on-white sành điệu. Mái tóc bồng bềnh của anh hợp với dáng áo sơ mi thắt nơ mềm mại. Ảnh: <em>Nguyễn Bảo Khánh. </em></p>                 </td>             </tr>         </tbody>     </table> <table class=\"picture\" align=\"center\">         <tbody>             <tr>                 <td class=\"pic\" style=\"text-align: center\">                     <img  src=\"https://znews-photo.zadn.vn/w660/Uploaded/rohunwa/2020_05_03/SOOBIN2.jpg\"  alt=\"Soobin Hoang Son, K-ICM thich mac ao so mi ho hinh xam hinh anh 3 SOOBIN2.jpg\">                 </td>             </tr>             <tr>                 <td class=\"pCaption caption default-caption\">                 <p><strong>Isaac</strong> diện sơ mi đứng dáng với chất liệu cứng cáp cùng tông xanh xám đi kèm quần tây chỉn chu. Nhiều khán giả nhận xét nam ca sĩ trông như nhân viên văn phòng với set đồ này. Ảnh: <em>@isaaclion. </em></p>                 </td>             </tr>         </tbody>     </table>      <table class=\"picture\" align=\"center\">         <tbody>             <tr>                 <td class=\"pic\" style=\"text-align: center\">                     <img  src=\"https://znews-photo.zadn.vn/w660/Uploaded/rohunwa/2020_05_03/SOOBIN3.jpg\"  alt=\"Soobin Hoang Son, K-ICM thich mac ao so mi ho hinh xam hinh anh 4 SOOBIN3.jpg\">                 </td>             </tr>             <tr>                 <td class=\"pCaption caption default-caption\">                 <p><strong>Jun Phạm</strong> thu hút với cách kết hợp sơ mi xắn tay đi kèm quần tây sắc vàng nổi bật. Anh tiết chế phụ kiện đi kèm và chỉ chọn chiếc đồng hồ bạc làm điểm nhấn. Ảnh: <em>@junpham. </em></p>                 </td>             </tr>         </tbody>     </table>      <table class=\"picture\" align=\"center\">         <tbody>             <tr>                 <td class=\"pic\" style=\"text-align: center\">                     <img  src=\"https://znews-photo.zadn.vn/w660/Uploaded/rohunwa/2020_05_03/SOOBIN4.jpg\"  alt=\"Soobin Hoang Son, K-ICM thich mac ao so mi ho hinh xam hinh anh 5 SOOBIN4.jpg\">                 </td>             </tr>             <tr>                 <td class=\"pCaption caption default-caption\">                 <p><strong>Ngô Kiến Huy</strong> mang đến hình ảnh nam ca sĩ lịch lãm trong set đồ chỉn chu phối suit jacket kẻ ô cùng sơ mi trắng và quần tây tối màu. Anh không kết hợp nơ hay cà vạt để tạo sự đơn giản cho tổng thể. Ảnh: <em>@ngokienhuy_bap. </em></p>                 </td>             </tr>         </tbody>     </table><table class=\"picture\" align=\"center\">         <tbody>             <tr>                 <td class=\"pic\" style=\"text-align: center\">                     <img  src=\"https://znews-photo.zadn.vn/w660/Uploaded/rohunwa/2020_05_03/SOOBIN6.jpg\"  alt=\"Soobin Hoang Son, K-ICM thich mac ao so mi ho hinh xam hinh anh 6 SOOBIN6.jpg\">                 </td>             </tr>             <tr>                 <td class=\"pCaption caption default-caption\">                 <p><strong>Đức Phúc</strong> là một trong những nam ca sĩ chuộng cách mặc đồ cổ điển với blazer độn vai cứng cáp. 9X phối cùng sơ mi cài nút kín cổ và quần jeans xắn gấu cao đi kèm giày da bóng. Hình ảnh này của anh được khán giả yêu thích hơn so với gu ăn mặc theo hơi hướm preppy. Ảnh: <em>@nguyenducphuc_</em>. </p>                 </td>             </tr>         </tbody>     </table>      <table class=\"picture\" align=\"center\">         <tbody>             <tr>                 <td class=\"pic\" style=\"text-align: center\">                     <img  src=\"https://znews-photo.zadn.vn/w660/Uploaded/rohunwa/2020_05_03/SOOBIN7.jpg\"  alt=\"Soobin Hoang Son, K-ICM thich mac ao so mi ho hinh xam hinh anh 7 SOOBIN7.jpg\">                 </td>             </tr>             <tr>                 <td class=\"pCaption caption default-caption\">                 <p>Sau những bộ cánh đen trắng cá tính, <strong>Tuấn Trần </strong>quay lại hình ảnh \"nam thần\" Hàn Quốc trong chiếc áo họa tiết đi kèm quần ống suông chất liệu nhung. Anh kết hợp nhiều phụ kiện để làm nổi bật tổng thể. Ảnh: <em>@tuantran.sun.</em> </p>                 </td>             </tr>         </tbody>     </table>'),
(9, 1, 'Luhan được bình chọn là ông hoàng trang bìa tạp chí tháng 4', 'new1_3.jpg', '2020-05-08 22:07:23', 'Trong một cuộc khảo sát, dân mạng đã chọn 3 bìa tạp chí thời trang có sự xuất hiện của Luhan và Lưu Diệc Phi ở vị trí đầu bảng.', '<p>Theo <i>Sina</i>, cuộc bình chọn bìa tạp chí thời trang tháng 4 nào đẹp nhất đã diễn ra khá \"khốc liệt\". Kết quả không nằm ngoài dự đoán của cộng đồng mạng. Trong đó, những vị trí cao nhất thuộc về tạp chí có trang bìa xuất hiện ngôi sao nổi tiếng.</p> <p>Được phong danh \"ông hoàng trang bìa tháng 4\", Luhan - cựu thành viên nhóm nhạc nam Hàn Quốc EXO - góp mặt trên 2 bìa tạp chí danh tiếng: <em>Elle Men</em> và <i>Madame Figaro</i>.</p> <p>Sở hữu sức ảnh hưởng lớn với giới mộ điệu trong thời gian qua, không khó để hiểu rằng vì sao <em>Elle Men </em>và <i>Madame Figaro</i> lại chiến thắng tại vị trí thứ nhất và thứ hai với số bình chọn áp đảo.</p> <table class=\"picture gallery\" align=\"center\">     <tbody>         <tr>             <td class=\"pic\" style=\"text-align:center\" ><img   alt=\"Luhan duoc binh chon la ong hoang trang bia tap chi thang 4 hinh anh 1 luhan.jpg\" src=\"https://znews-photo.zadn.vn/w660/Uploaded/lqmctqvp/2020_05_02/luhan.jpg\" style=\"width: 100%\" height=\"1200\"><img   alt=\"Luhan duoc binh chon la ong hoang trang bia tap chi thang 4 hinh anh 2 luhan2.jpg\" src=\"https://znews-photo.zadn.vn/w660/Uploaded/lqmctqvp/2020_05_02/luhan2.jpg\" style=\"width: 100%\"  height=\"1200\"></td>         </tr>         <tr>             <td class=\"pCaption caption default-caption\">Luhan nổi bật với ngoại hình điển trai trên bìa tạp chí. Ảnh: <em>Elle Men China, Madame Firago China.</em></td>         </tr>     </tbody> </table> <p>Lên bìa của 2 tạp chí danh tiếng, nam ca sĩ xuất hiện với trang phục, phụ kiện đều đến từ nhà mốt Gucci. Qua những hình ảnh này, Luhan thể hiện được phong cách tươi trẻ nhưng cũng trưởng thành của mình, cho thấy sự đa dạng trong cách biến hoá với chủ đề buổi chụp.</p> <p>Xếp ngay sau <i>Elle Men</i> và<i> Madame Firago</i>, <i>Vogue China</i> về đích tại vị trí thứ 3 với gương mặt trang bìa là Lưu Diệc Phi.</p><p>Đang nổi lên với màn tái xuất trong vai nữ tướng Mộc Lan tại Hollywood, \"Tiểu Long Nữ\" được một trong những tạp chí thời trang nổi tiếng nhất ưu ái với trang bìa tháng 4, ngay sau khi dịch Covid-19 tạm thời bị đẩy lùi tại Trung Quốc.         </p>         <p>Không hổ danh là ngôi sao kỳ cựu của làng giải trí châu Á, Lưu Diệc Phi dù đã gần bước sang tuổi tứ tuần vẫn giữ được vẻ thanh tú. Lần đầu tiên xuất hiện trên <em>Vogue China </em>nhưng cô thể hiện tốt và nhận về nhiều lời khen ngợi.</p>         <table class=\"picture\" align=\"center\">             <tbody>                 <tr>                     <td class=\"pic\" style=\"text-align:center\"> <img  src=\"https://znews-photo.zadn.vn/w660/Uploaded/lqmctqvp/2020_05_02/luhan3.jpg\"  alt=\"Luhan duoc binh chon la ong hoang trang bia tap chi thang 4 hinh anh 3 luhan3.jpg\"> </td>                 </tr>                 <tr>                     <td class=\"pCaption caption\">                         <p>Diện trang phục cầu kỳ tới từ thương hiệu Giorgio Armani, Lưu Dược Phi vẫn toả sáng dù thần thái không quá xuất sắc. Ảnh: <i>Vogue China.</i></p>                     </td>                 </tr>             </tbody>         </table>');
INSERT INTO `tbl_news` (`id_new`, `new_category`, `name`, `img`, `date`, `mota`, `noidung`) VALUES
(10, 1, 'NCT Dream nhiều lần bị chê mặc xấu khi diện hàng hiệu đắt tiền', 'new1_4.jpg', '2020-05-08 22:16:12', 'Stylist của NCT Dream từng bị khán giả chê vì những bộ trang phục của các thành viên trên sân khấu hay ngoài đời không mang tính thời trang.', '<table class=\"picture\" align=\"center\">         <tbody>             <tr>                 <td class=\"pic\" style=\"text-align:center\">                     <img  src=\"https://znews-photo.zadn.vn/w660/Uploaded/rohunwa/2020_05_01/NCT.jpg\"  alt=\"NCT Dream nhieu lan bi che mac xau khi dien hang hieu dat tien hinh anh 1 NCT.jpg\">                 </td>             </tr>             <tr>                 <td class=\"pCaption caption default-caption\">                                  Ngày 29/4, NCT Dream chính thức trở lại với<em> Ridin. </em>Ca khúc nhanh chóng leo lên vị trí đầu trên BXH Melon. Hiện tại, nhóm đang xếp thứ 5 trong top những nghệ sĩ Kpop có lượng bán album ngày đầu cao nhất của Hanteo. Album của NCT Dream cũng xếp vị trí No.1 trên iTunes tại 49 quốc gia.</td>             </tr>         </tbody>     </table>      <table class=\"picture\" align=\"center\">         <tbody>             <tr>                 <td class=\"pic\" style=\"text-align:center\">                     <img  src=\"https://znews-photo.zadn.vn/w660/Uploaded/rohunwa/2020_05_01/NCT2.jpg\"  alt=\"NCT Dream nhieu lan bi che mac xau khi dien hang hieu dat tien hinh anh 2 NCT2.jpg\">                 </td>             </tr>             <tr>                 <td class=\"pCaption caption default-caption\">                                  Ngoài tài năng trong âm nhạc, trang phục của NCT Dream luôn gây tranh cãi với vấn đề đẹp xấu. Stylist của nhóm luôn bị khán giả chê vì hình ảnh các thành viên trên sân khấu hay ngoài đời không mang tính thời trang. </td>             </tr>         </tbody>     </table>      <table class=\"picture\" align=\"center\">         <tbody>             <tr>                 <td class=\"pic\" style=\"text-align:center\">                     <img  src=\"https://znews-photo.zadn.vn/w660/Uploaded/rohunwa/2020_05_01/NCT4.jpg\"  alt=\"NCT Dream nhieu lan bi che mac xau khi dien hang hieu dat tien hinh anh 3 NCT4.jpg\">                 </td>             </tr>             <tr>                 <td class=\"pCaption caption\">                                  Nhóm nhạc luôn xuất hiện với các trang phục hàng hiệu đến từ những nhà mốt danh giá như Valentino, Gucci, Givenchy, Saint Laurent... Tuy nhiên, các chàng trai không được đánh giá cao vì cách kết hợp rườm rà, thiếu tinh tế. Chiếc áo khoác denim đính đinh tán mất đi vẻ cá tính khi phối cùng áo len cổ lọ sequin nữ tính. </td>             </tr>         </tbody>     </table>      <table class=\"picture\" align=\"center\">         <tbody>             <tr>                 <td class=\"pic\" style=\"text-align:center\">                     <img  src=\"https://znews-photo.zadn.vn/w660/Uploaded/rohunwa/2020_05_01/NCT5.jpg\"  alt=\"NCT Dream nhieu lan bi che mac xau khi dien hang hieu dat tien hinh anh 4 NCT5.jpg\">                 </td>             </tr>             <tr>                 <td class=\"pCaption caption\">                 <p>Một set đồ hiệu của Jeno từng bị chê vì cách phối hợp kém tinh tế giữa chiếc áo blazer kiểu preppy của Gucci cùng quần thể thao Balenciaga. Tuy nhiên, hai món đồ không phù hợp tinh thần khi mix cùng nhau. </p>                 </td>             </tr>         </tbody>     </table>      <table class=\"picture\" align=\"center\">         <tbody>             <tr>                 <td class=\"pic\" style=\"text-align:center\">                     <img  src=\"https://znews-photo.zadn.vn/w660/Uploaded/rohunwa/2020_05_01/NCT6.jpg\"  alt=\"NCT Dream nhieu lan bi che mac xau khi dien hang hieu dat tien hinh anh 5 NCT6.jpg\">                 </td>             </tr>             <tr>                 <td class=\"pCaption caption\">                 <p>Chiếc áo của Gucci tiếp tục bị nhận xét thiếu tinh tế khi phối với set đồ màu sắc lòe loẹt khiến tổng thể trông quê mùa cùng các phụ kiện rườm rà. </p>                 </td>             </tr>         </tbody>     </table>      <table class=\"picture\" align=\"center\">         <tbody>             <tr>                 <td class=\"pic\" style=\"text-align:center\">                     <img  src=\"https://znews-photo.zadn.vn/w660/Uploaded/rohunwa/2020_05_01/NCT7.jpg\"  alt=\"NCT Dream nhieu lan bi che mac xau khi dien hang hieu dat tien hinh anh 6 NCT7.jpg\">                 </td>             </tr>             <tr>                 <td class=\"pCaption caption default-caption\">                 <p>Thậm chí, nhiều lần cách phối trang phục hàng hiệu của các thành viên NCT Dream cũng bị chê luộm thuộm với cách kết hợp xu hướng khiến tổng thể kém tinh tế, thiếu sự chỉn chu của nghệ sĩ thời trang. </p>                 </td>             </tr>         </tbody>     </table>      <table class=\"picture\" align=\"center\">         <tbody>             <tr>                 <td class=\"pic\" style=\"text-align:center\">                     <img  src=\"https://znews-photo.zadn.vn/w660/Uploaded/rohunwa/2020_05_01/NCT8.jpg\"  alt=\"NCT Dream nhieu lan bi che mac xau khi dien hang hieu dat tien hinh anh 7 NCT8.jpg\">                 </td>             </tr>             <tr>                 <td class=\"pCaption caption default-caption\">Cách phối áo thun Saint Laurent của Haechan không được công chúng đánh giá cao khiến phần logo thương hiệu bị che lấp bởi chiếc túi xách đeo chéo. </td>             </tr>         </tbody>     </table>      <table class=\"picture\" align=\"center\">         <tbody>             <tr>                 <td class=\"pic\" style=\"text-align:center\">                     <img  src=\"https://znews-photo.zadn.vn/w660/Uploaded/rohunwa/2020_05_01/NCT9.jpg\"  alt=\"NCT Dream nhieu lan bi che mac xau khi dien hang hieu dat tien hinh anh 8 NCT9.jpg\">                 </td>             </tr>             <tr>                 <td class=\"pCaption caption default-caption\">                 <p>Jeno lựa chọn áo sơ mi denim của Tommy Hilfiger đồng điệu cùng màu sắc của quần jeans. Tuy nhiên, điểm không khéo léo của anh đến từ việc sơ vin vào quần khiến phần vạt bị lùng bùng trông thiếu chỉn chu khi xuất hiện trước công chúng. </p>                 </td>             </tr>         </tbody>     </table>     <table class=\"picture\" align=\"center\">         <tbody>             <tr>                 <td class=\"pic\" style=\"text-align:center\">                     <img  src=\"https://znews-photo.zadn.vn/w660/Uploaded/rohunwa/2020_05_01/NCT11.jpg\"  alt=\"NCT Dream nhieu lan bi che mac xau khi dien hang hieu dat tien hinh anh 9 NCT11.jpg\">                 </td>             </tr>             <tr>                 <td class=\"pCaption caption default-caption\">                 <p>Một chiếc áo sơ mi dáng oversized của Valentino có giá <abbr class=\"rate-usd\">995 USD</abbr>, bị chê không mang tính thời trang khi thành viên Renjun phối cùng áo thun trắng và quần tây đen lùng bùng. Ngoài ra, chiếc nón lưỡi trai không phù hợp với tổng thể. </p>                 </td>             </tr>         </tbody>     </table>      <table class=\"picture\" align=\"center\">         <tbody>             <tr>                 <td class=\"pic\" style=\"text-align:center\">                     <img  src=\"https://znews-photo.zadn.vn/w660/Uploaded/rohunwa/2020_05_01/NCT10.jpg\"  alt=\"NCT Dream nhieu lan bi che mac xau khi dien hang hieu dat tien hinh anh 10 NCT10.jpg\">                 </td>             </tr>             <tr>                 <td class=\"pCaption caption default-caption\">                 <p>Hai màu sắc giữa áo thun CMST và sơ mi tay lửng của Renjun không có sự ăn nhập và khiến set đồ trông như các học sinh trung học. Đội hình NCT Dream hiện tại có 6 thành viên là Haechan, Renjun, Jeno, Jaemin, Chenle, Jisung. Với concept mà SM xây dựng cho NCT Dream, đến năm 2020, 4 trong số 6 thành viên hiện tại của nhóm sẽ chính thức tốt nghiệp. Cựu thành viên Mark ngừng hoạt động cùng nhóm khoảng gần 1 năm trước.</p>                 </td>             </tr>         </tbody>     </table>'),
(11, 1, 'Vương Nhất Bác, Lý Hiện đọ vẻ nam tính khi diện vest đen', 'new1_5.jpg', '2020-05-07 11:53:15', 'Cùng khoác lên thiết kế lịch thiệp, các mỹ nam Hoa ngữ lại toát lên phong thái khác nhau.', ' <table class=\"picture\" align=\"center\">         <tbody>             <tr>                 <td class=\"pic\" style=\"text-align:center\">                     <img  src=\"https://znews-photo.zadn.vn/w660/Uploaded/mdf_vsxrlu/2020_04_30/vest_13.jpeg\"  alt=\"Vuong Nhat Bac, Ly Hien do ve nam tinh khi dien vest den hinh anh 1 vest_13.jpeg\">                 </td>             </tr>             <tr>                 <td class=\"pCaption caption default-caption\">                 <p>Khi tham dự sự kiện quan trọng, các ngôi sao thường chọn mặc vest có màu sắc trầm, mang thiết kế nhã nhặn. <strong>Phạm Thừa Thừa</strong> cũng áp dụng công thức đó trong một lần xuất hiện trước công chúng. Nam thần tượng Trung Quốc \"đóng bộ\" gọn gàng. Sắc đen kết hợp với phụ kiện là khuyên tai vòng cỡ trung bình khiến anh chàng thêm phần quyến rũ. Ảnh: <em>Fantastic baby</em>. </p>                 </td>             </tr>         </tbody>     </table> <table class=\"picture gallery\" align=\"center\"><tbody><tr><td class=\"pic\" style=\"text-align:center\"><img   alt=\"Vuong Nhat Bac, Ly Hien do ve nam tinh khi dien vest den hinh anh 2 vest_12.jpg\" src=\"https://znews-photo.zadn.vn/w660/Uploaded/mdf_vsxrlu/2020_04_30/vest_12.jpg\" style=\"width: 100%\"><img   alt=\"Vuong Nhat Bac, Ly Hien do ve nam tinh khi dien vest den hinh anh 3 vest_14.jpg\" src=\"https://znews-photo.zadn.vn/w660/Uploaded/mdf_vsxrlu/2020_04_30/vest_14.jpg\" style=\"width: 100%\"></td></tr><tr><td class=\"pCaption caption default-caption\"><p><strong>Vương Nhất Bác</strong> tỏa ra hai thần thái khác nhau khi diện vest đen đi sự kiện và chụp ảnh họa báo. Là khách mời trong bữa tiệc của tạp chí GQ, nam nghệ sĩ đa tài chọn mặc tuxedo lịch lãm. Đây là kiểu trang phục được yêu thích trong các buổi tiệc trang trọng, mang lại vẻ nam tính cho người mặc. Lần lên <em>Harper\'s Bazaar</em>, anh chàng khoác lên mình thiết kế cá tính hơn với phần ống quần loe. Ảnh: <em>GQ, Harper\'s Bazaar</em>. </p></td></tr></tbody></table>     <table class=\"picture\" align=\"center\">         <tbody>             <tr>                 <td class=\"pic\" style=\"text-align:center\">                     <img  src=\"https://znews-photo.zadn.vn/w660/Uploaded/mdf_vsxrlu/2020_04_30/vest_11.jpg\"  alt=\"Vuong Nhat Bac, Ly Hien do ve nam tinh khi dien vest den hinh anh 4 vest_11.jpg\">                 </td>             </tr>             <tr>                 <td class=\"pCaption caption default-caption\">                 <p>Sở hữu ngoại hình được đánh giá cao, <strong>Tiêu Chiến</strong> mặc đơn giản cũng đủ đẹp. Anh chàng trông trưởng thành, đứng đắn khi diện vest phẳng phiu, thắt cà vạt hợp tông. Trước hình ảnh này, một số người hâm mộ so sánh anh với tổng giám đốc trẻ tuổi, đẹp trai trong truyện ngôn tình thiếu nữ. Ảnh: <em>Weibo</em>. </p>                 </td>             </tr>         </tbody>     </table><table class=\"picture gallery\" align=\"center\"><tbody><tr><td class=\"pic\" style=\"text-align:center\"><img   alt=\"Vuong Nhat Bac, Ly Hien do ve nam tinh khi dien vest den hinh anh 5 vest_10.jpg\" src=\"https://znews-photo.zadn.vn/w660/Uploaded/mdf_vsxrlu/2020_04_30/vest_10.jpg\" style=\"width: 100%\"><img   alt=\"Vuong Nhat Bac, Ly Hien do ve nam tinh khi dien vest den hinh anh 6 vest_15.jpg\" src=\"https://znews-photo.zadn.vn/w660/Uploaded/mdf_vsxrlu/2020_04_30/vest_15.jpg\" style=\"width: 100%\"></td></tr><tr><td class=\"pCaption caption\"><p><strong>Thái Từ Khôn</strong> là một trong những nam thần Hoa ngữ luôn được chú ý mỗi khi có mặt tại sự kiện nào đó. Vốn nổi tiếng với phong cách thời trang độc đáo, có phần không giống ai, mỗi lần Thái Từ Khôn mặc vest đều được người hâm mộ bàn tán. Anh từng được ví như hoàng tử khi mặc đồ bảnh bao, galant đỡ váy cho đàn chị Angelababy. Ảnh: <em>Weibo</em>.</p></td></tr></tbody></table>                   <table class=\"picture gallery\" align=\"center\"><tbody><tr><td class=\"pic\" style=\"text-align:center\"><img   alt=\"Vuong Nhat Bac, Ly Hien do ve nam tinh khi dien vest den hinh anh 7 vest_8.jpg\" src=\"https://znews-photo.zadn.vn/w660/Uploaded/mdf_vsxrlu/2020_04_30/vest_8.jpg\" width=\"640\" height=\"960\"><img   alt=\"Vuong Nhat Bac, Ly Hien do ve nam tinh khi dien vest den hinh anh 8 vest_7.jpg\" src=\"https://znews-photo.zadn.vn/w660/Uploaded/mdf_vsxrlu/2020_04_30/vest_7.jpg\" style=\"width: 100%\"></td></tr><tr><td class=\"pCaption caption default-caption\"><p><strong>Ngô Diệc Phàm</strong> thuộc hàng những sao nam đẹp trai nhất làng giải trí Hoa ngữ. Anh cũng là nghệ sĩ có hoạt động mạnh trong lĩnh vực thời trang. Trên ảnh, 9X nổi bật khi mặc màu đen từ trong ra ngoài. Bên cạnh đó, mẫu vest của anh chàng diện trở nên đặc biệt nhờ hình thêu óng ánh, tinh tế. Ảnh: <em>Sina, Voler</em>. </p></td></tr></tbody></table>     <table class=\"picture\" align=\"center\">         <tbody>             <tr>                 <td class=\"pic\" style=\"text-align:center\">                     <img  src=\"https://znews-photo.zadn.vn/w660/Uploaded/mdf_vsxrlu/2020_04_30/vest_2.jpg\"  alt=\"Vuong Nhat Bac, Ly Hien do ve nam tinh khi dien vest den hinh anh 9 vest_2.jpg\">                 </td>             </tr>             <tr>                 <td class=\"pCaption caption default-caption\">                 <p><strong>Lộc Hàm</strong> có phần sexy khi mặc áo sơ mi phanh cúc đầu cùng vest màu đen. Kiểu tóc và cách đeo khuyên tai bất đối xứng càng làm nam thần tượng trông quyến rũ, \"đốn tim\" nhiều người hâm mộ nữ. Ảnh: <em>Weibo</em>. </p>                 </td>             </tr>         </tbody>     </table> <table class=\"picture gallery\" align=\"center\"><tbody><tr><td class=\"pic\" style=\"text-align:center\"><img   alt=\"Vuong Nhat Bac, Ly Hien do ve nam tinh khi dien vest den hinh anh 10 vest_6.jpg\" src=\"https://znews-photo.zadn.vn/w660/Uploaded/mdf_vsxrlu/2020_04_30/vest_6.jpg\" width=\"672\" height=\"960\"><img   alt=\"Vuong Nhat Bac, Ly Hien do ve nam tinh khi dien vest den hinh anh 11 vest_5.jpg\" src=\"https://znews-photo.zadn.vn/w660/Uploaded/mdf_vsxrlu/2020_04_30/vest_5.jpg\" style=\"width: 100%\"></td></tr><tr><td class=\"pCaption caption default-caption\"><p>Có vẻ ngoài nam tính, <strong>Lý Hiện</strong> hợp với những thiết kế vest hay tuxedo gọn gàng, chỉn chu. Để tạo điểm nhấn cho bộ trang phục, anh chọn thêm các loại cài áo phù hợp. Ảnh: <em>Weibo</em>. </p></td></tr></tbody></table>');

-- --------------------------------------------------------

--
-- Cấu trúc bảng cho bảng `tbl_order`
--

CREATE TABLE `tbl_order` (
  `order_id` int(11) NOT NULL,
  `customer_id` int(11) NOT NULL,
  `create_at` date NOT NULL,
  `status` int(11) NOT NULL COMMENT '0: chưa giao hàng / 1: đã giao hàng'
) ENGINE=InnoDB DEFAULT CHARSET=utf8;

--
-- Đang đổ dữ liệu cho bảng `tbl_order`
--

INSERT INTO `tbl_order` (`order_id`, `customer_id`, `create_at`, `status`) VALUES
(2, 2, '2020-05-07', 0),
(3, 3, '2020-05-10', 1),
(4, 4, '2020-05-12', 1),
(5, 5, '2020-05-27', 1),
(6, 6, '2020-05-27', 1),
(7, 7, '2020-05-27', 1),
(8, 8, '2020-05-27', 1),
(9, 9, '2020-06-09', 0);

-- --------------------------------------------------------

--
-- Cấu trúc bảng cho bảng `tbl_order_detail`
--

CREATE TABLE `tbl_order_detail` (
  `order_detail_id` int(11) NOT NULL,
  `order_id` int(11) NOT NULL,
  `product_id` int(11) NOT NULL,
  `size` varchar(500) NOT NULL,
  `price` int(11) NOT NULL,
  `number` int(11) NOT NULL
) ENGINE=InnoDB DEFAULT CHARSET=utf8;

--
-- Đang đổ dữ liệu cho bảng `tbl_order_detail`
--

INSERT INTO `tbl_order_detail` (`order_detail_id`, `order_id`, `product_id`, `size`, `price`, `number`) VALUES
(2, 2, 5, '1S-1M', 300000, 2),
(3, 3, 5, 'S', 300000, 1),
(4, 4, 18, 'S', 427500, 1),
(5, 5, 5, 'S', 300000, 1),
(6, 6, 5, 'S', 300000, 1),
(7, 7, 5, 'S', 300000, 30),
(8, 8, 5, 'S', 300000, 12),
(9, 9, 4, 'S', 160000, 1),
(10, 9, 16, 'S', 205000, 1);

-- --------------------------------------------------------

--
-- Cấu trúc bảng cho bảng `tbl_product`
--

CREATE TABLE `tbl_product` (
  `product_id` int(11) NOT NULL,
  `category_id` varchar(500) DEFAULT NULL,
  `name` varchar(500) DEFAULT NULL,
  `img1` varchar(1000) DEFAULT NULL,
  `img2` varchar(500) NOT NULL,
  `gia` float DEFAULT NULL,
  `mota` text NOT NULL,
  `chitiet` text DEFAULT NULL,
  `hot` int(11) NOT NULL,
  `new` int(11) NOT NULL,
  `km` int(11) NOT NULL,
  `mua` float NOT NULL,
  `thich` float NOT NULL,
  `sl_con` int(11) NOT NULL
) ENGINE=InnoDB DEFAULT CHARSET=utf8;

--
-- Đang đổ dữ liệu cho bảng `tbl_product`
--

INSERT INTO `tbl_product` (`product_id`, `category_id`, `name`, `img1`, `img2`, `gia`, `mota`, `chitiet`, `hot`, `new`, `km`, `mua`, `thich`, `sl_con`) VALUES
(1, '1', 'Áo Sơ Mi Nam Trắng', 'product1_1.jpg', 'product1_2.jpg', 70000, 'Áo sơ mi được làm từ chất liệu vải Lụa Nến mềm mịn, không bai gião, ít bám bụi, ít nhăn\r\n', 'Áo sơ mi được làm từ chất liệu vải Lụa Nến mềm mịn, không bai gião, ít bám bụi, ít nhăn\r\n\r\nÁo sơ mi có phom dáng ôm cơ thể, cổ bẻ ôm vừa phải, nhẹ nhàng tôn dáng người mặc\r\n\r\nĐường may của áo sơ mi rất chắc chắn thoải mái cho người sử dụng có thể vận động\r\n\r\nÁo sơ mi có màu trắng sữa (Trắng dịu) giúp người mặc dễ dàng phối đồ với những bộ vest hay quần âu, quần jean', 1, 0, 20, 100, 81, 60),
(2, '1', 'Áo Sơ Mi Nam KOJIBA Dài Tay Công Sở, Kiểu Dáng Trẻ Trung, Hiện Đại (Nhiều Màu)', 'product2_1.jpg', 'product2_2.jpg', 100000, 'Chất liệu 80% Cotton, 20% Polyester.\r\n\r\nForm áo sơ mi Regular Fit, dáng ôm.\r\n\r\nThiết kế cổ bẻ, áo sơ mi dài tay.\r\n\r\nMade in Vietnam.', '<p>Áo Sơ Mi Nam Dài Tay KOJIBA KTRANG - Trắng giúp bạn nam trông lịch lãm và sang trọng hơn với thiết kế sang trọng, gia công sắc sảo.</p>\r\n<p>Thích hợp mặc trong nhiều môi trường khác nhau như công sở, tiệc, event, du lị</p>\r\n<p>Chất liệu 80% Cotton 20% Polyester.\r\nĐược sử dụng nhiều nhất trên thị trường.\r\nThiết kế chi tiết, tỉ mỉ từng chi tiết dù là nhỏ.</p>\r\n<p>Form áo sơ mi Regular Fit, dáng ôm.\r\nThiết kế cổ bẻ, áo sơ mi dài tay.\r\nMàu sắc: Trắng, Đen, Xanh nhạt, Xanh đậm và Đỏ đô</p>\r\n<p>Size: Từ M đến 3XL</p>\r\n<p>Hương dẫn chọn size</p>\r\nhttps://salt.tikicdn.com/ts/tmp/10/87/fc/4a02bbe535ba7b28b56a98741674b112.png', 0, 1, 10, 87, 57, 150),
(3, '1', 'Áo Sơ Mi Nam Kẻ Caro Cổ Bẻ Dài Tay Phong Cách Hàn Quốc', 'product3_1.jpg', 'product3_2.jpg', 139000, 'Thiết kế cổ bẻ, tay dài, có nút gài phía trước chắc chắn, đường may tỉ mỉ.\r\n\r\nÁo thiết kế form vừa vặn giúp tôn được đường nét mạnh mẽ, nam tính của các chàng trai.\r\n\r\nMàu sắc tinh tế phối với họa tiết nổi bật, mang đến sự thanh lịch, cuốn hút.\r\n\r\nXuất xứ: Việt Nam', '<p>Áo Sơ Mi Nam Caro Dài Tay  - Trắng giúp bạn nam trông lịch lãm và sang trọng hơn với thiết kế sang trọng, gia công sắc sảo.</p>\r\n<p>Thích hợp mặc trong nhiều môi trường khác nhau như công sở, tiệc, event, du lị\r\nChất liệu 80% Cotton 20% Polyester.</p>\r\n<p>Được sử dụng nhiều nhất trên thị trường.\r\nThiết kế chi tiết, tỉ mỉ từng chi tiết dù là nhỏ.</p>\r\n<p>Form áo sơ mi Regular Fit, dáng ôm.</p>\r\n<p>Thiết kế cổ bẻ, áo sơ mi dài tay.</p>\r\nhttps://salt.tikicdn.com/ts/tmp/73/9c/96/c17956e95426ec065431b7191273cc4c.jpg', 1, 1, 0, 140, 57, 87),
(4, '1', 'Áo khoác kaki jean Nam UNISEX - 6 màu căn bản', 'product4_1.jpg', 'product4_2.jpg', 200000, 'Áo khoác UNISEX với chất liệu vải Kaki jean thô bền bỉ mềm mại.\r\n\r\nMàu vải được Wash kỹ hạn chế ra màu khi giặt.\r\n\r\nForm áo vừa vặn.\r\n\r\nĐường may tinh tế, chuẩn từng chi tiết.\r\n\r\nThiết kế nổi bật, phong cách.', '<p>THÔNG TIN SẢN PHẨM:</p>\r\n\r\n<p>+) Form body Hàn Quốc, dễ kết hợp với các loại quần.</p>\r\n\r\n<p>+) Made in Việt Nam.</p>\r\n\r\n<p>+) M, L, XL</p>\r\n\r\n<p>+) Được sử dụng nhiều nhất trên thị trường.</p>\r\n\r\n<p>+) Thích hợp mặc trong nhiều môi trường khác nhau </p>\r\n\r\n<p>--Hàng có sẵn, đủ size: Từ M, L, XL</p>\r\n\r\n<p>Size M:  Nặng khoảng 57kg trở xuống</p>\r\n\r\n<p>Size L:   Nặng khoảng 57kg đến 66kg</p>\r\n\r\n<p>Size XL:   Nặng khoảng 68kg đến 78k</p>', 1, 0, 20, 61, 41, 299),
(5, '1', 'Áo khoác jean nam phong cách Hàn Quốc AKJN012 (Xanh bò)', 'product5_1.jpg', 'product5_2.jpg', 300000, '<p>&Aacute;o kho&aacute;c Jeans với chất liệu vải Demin th&ocirc; d&agrave;y bền bỉ. M&agrave;u vải được nhộm kỹ hạn chế ra m&agrave;u khi giặt. Form &aacute;o body trẻ trung. Đường may tinh tế, chuẩn từng chi tiết. Thiết kế in m&agrave;i bạc, phối hợp mũ ống tay gấu &aacute;o vải nỉnổi bật, phong c&aacute;ch.</p>\r\n', '<ul>\r\n	<li>&Aacute;o Kho&aacute;c Jean Nam phong c&aacute;ch H&agrave;n Quốc Akjn12 với chất liệu jeans th&ocirc; mềm mại gi&uacute;p bạn thoải m&aacute;i vận động, th&iacute;ch hợp mặc kho&aacute;c ngo&agrave;i gi&uacute;p tr&aacute;nh nắng, giữ ấm m&agrave; vẫn hợp thời trang v&agrave; phong c&aacute;ch.</li>\r\n	<li>&Aacute;o c&oacute; thiết kế form rộng trẻ trung dễ d&agrave;ng phối n&oacute; với c&aacute;c loại &aacute;o thun hoặc sơ mi kh&aacute;c.</li>\r\n	<li>N&eacute;t &aacute;o liền lạc v&agrave; theo phong c&aacute;ch hiện đại, tay &aacute;o d&agrave;i phong c&aacute;ch v&agrave; những điểm in h&igrave;nh tạo n&ecirc;n điểm nhấn cho người mặc trước những người xung quanh.</li>\r\n	<li>N&uacute;t &aacute;o d&agrave;y bằng kim loại đảm bảo độ bền chắc khi sử dụng l&acirc;u d&agrave;i. Kh&ocirc;ng chỉ bảo vệ l&agrave;n da khỏi nắng n&oacute;ng, giữ ấm khi lạnh, m&agrave; c&ograve;n l&agrave; điểm nhấn cho gu thời trang ấn tượng.</li>\r\n	<li>C&oacute; thể dễ d&agrave;ng mix c&ugrave;ng nhiều kiểu trang phục y&ecirc;u th&iacute;ch hằng ng&agrave;y v&agrave; tự tin đi đến mọi kh&ocirc;ng gian với phong c&aacute;ch chất lừ của ri&ecirc;ng bạn.</li>\r\n</ul>\r\n\r\n<p>Hướng dẫn chọn size:</p>\r\n\r\n<table border=\"1\" cellpadding=\"1\" cellspacing=\"1\">\r\n	<tbody>\r\n		<tr>\r\n			<td>Size</td>\r\n			<td>M</td>\r\n			<td>L</td>\r\n			<td>XL</td>\r\n			<td>XXL</td>\r\n		</tr>\r\n		<tr>\r\n			<td>C&acirc;n nặng ph&ugrave; hợp</td>\r\n			<td>&lt; 54kg</td>\r\n			<td>54kg - 63kg</td>\r\n			<td>63kg - 70kg</td>\r\n			<td>70kg - 80kg</td>\r\n		</tr>\r\n	</tbody>\r\n</table>\r\n', 1, 1, 0, 112, 81, 288),
(6, '2', 'Quần Jogger thể thao Hiphop Nam Nữ Viền Vạch Phản Quang -HẢI ĐĂNG', 'product6_1.jpg', 'product6_2.jpg', 150000, 'Chất Liệu: DA CÁ mềm mịn.\r\n\r\nMàu sắc: đen - trắng.\r\n\r\nThiết kế viền sọc vạch phản quang cực chất.\r\n\r\nMiến phản quang sẽ phát sáng khi có ánh đèn chiếu vào chủ yếu buổi tối ban ngày không phát sáng nha.', '<ul class=\"\">\r\n<li class=\"\" data-spm-anchor-id=\"a2o4n.pdp.product_\">Chất Liệu: Nỉ Bông mềm mịn</li>\r\n<li class=\"\">Màu sắc: đen (black) - trắng (white)</li>\r\n<li class=\"\">Thiết kế viền sọc vạch phản quang cực chất</li>\r\n<li class=\"\">Size tương ứng:</li>\r\n<li class=\"\">M: 38-55kg -</li>\r\n<li class=\"\">L: 56 -65kg -</li>\r\n<li class=\"\">Miến phản quang sẽ phát sáng khi có ánh đèn chiếu vào chủ yếu buổi tối ban ngày không phát sáng nha.</li>\r\n</ul>', 1, 0, 15, 60, 34, 120),
(7, '2', 'Quần jogger Nam Siêu Đẹp, Chất liệu kaki đẹp, kiểu jogger gấu chun, họa tiết kẻ sọc, màu sắc đơn giản khỏe khoắn, form free size, hàng đẹp', 'product7_1.jpg', 'product7_2.jpg', 250000, 'Tên sản phẩm : Quần jogger Nam. \r\n\r\nChất liệu : kaki đẹp. \r\n\r\nHọa tiết : tiết kẻ sọc. \r\n\r\nKiểu/loại : gấu chun. \r\n\r\nMàu sắc : đen, be. \r\n\r\nForm : free size 1m55 -1m65. \r\n\r\nXuất xứ thương hiệu : Việt Nam. \r\n\r\nNơi sản xuất : Việt Nam. ', '<ol>\r\n<li>Quần jogger nam cực chất, phong cách hàn đẹp, cool ngầu, cá tính.</li>\r\n<li>Form quần free size, màu sắc đơn giản đen và be, gồm có 4 túi, ống bó, gấu chun.</li>\r\n<li>Được thiết kế và sản xuất theo quy trình chất lượng nên người dùng có thể yên tâm lựa chọn.</li>\r\n<li>Phối hợp với nhiều loại áo tùy theo phong cách người dùng muốn phối ( áo bò, áo phông, áo thể thao ).</li>\r\n<li>Diện đi chơi, đi dạo,du lịch, đi học </li>\r\n</ol>\r\n<p> </p>\r\n<p> </p>\r\n<p> </p>\r\n<p><img id=\"https://salt.tikicdn.com/ts/tmp/31/b5/10/75cf7ff54f9e779538730a268003be05.jpg\" title=\"\" src=\"https://salt.tikicdn.com/ts/tmp/31/b5/10/75cf7ff54f9e779538730a268003be05.jpg\" alt=\"\" width=\"750\" height=\"750\" /></p>\r\n<p> </p>\r\n<p><img id=\"https://salt.tikicdn.com/ts/tmp/d1/63/f8/9cccca56eb07cd332c01855de0960022.jpg\" title=\"\" src=\"https://salt.tikicdn.com/ts/tmp/d1/63/f8/9cccca56eb07cd332c01855de0960022.jpg\" alt=\"\" width=\"750\" height=\"1074\" /></p>\r\n<p><img id=\"https://salt.tikicdn.com/ts/tmp/b9/6e/63/6df82cb56249dab39e863c2d6c67ed36.jpg\" title=\"\" src=\"https://salt.tikicdn.com/ts/tmp/b9/6e/63/6df82cb56249dab39e863c2d6c67ed36.jpg\" alt=\"\" width=\"750\" height=\"956\" /></p>\r\n<p><img id=\"https://salt.tikicdn.com/ts/tmp/b1/56/e0/886886b7eb895e53eb293c5c6322d1e8.jpg\" title=\"\" src=\"https://salt.tikicdn.com/ts/tmp/b1/56/e0/886886b7eb895e53eb293c5c6322d1e8.jpg\" alt=\"\" width=\"750\" height=\"750\" /></p>\r\n<p><img id=\"https://salt.tikicdn.com/ts/tmp/de/3d/4f/e9bd9a0483d48caba02263ce5b2601a2.jpg\" title=\"\" src=\"https://salt.tikicdn.com/ts/tmp/de/3d/4f/e9bd9a0483d48caba02263ce5b2601a2.jpg\" alt=\"\" width=\"750\" height=\"750\" /></p>\r\n<p><img id=\"https://salt.tikicdn.com/ts/tmp/52/b0/ae/ed1e9c1b40be0919f4dca0798f8e7b72.jpg\" title=\"\" src=\"https://salt.tikicdn.com/ts/tmp/52/b0/ae/ed1e9c1b40be0919f4dca0798f8e7b72.jpg\" alt=\"\" width=\"undefined\" height=\"undefined\" /></p>', 0, 1, 10, 150, 67, 1000),
(8, '2', 'Quần jogger thun thể thao túi hộp', 'product8_1.jpg', 'product8_2.jpg', 198000, 'Quần jogger nam.\r\n\r\nSize: M,L,XL (50-75kg).\r\n\r\nChất vải: thun lạnh.\r\n\r\nThích hợp công sở, dạo phố, hẹn hò, vui chơi.', '<p>Quần jogger nam<br />Size: M,L,XL (50-75kg)<br />Chất vải: thun lạnh<br />Thích hợp công sở, dạo phố, hẹn hò, vui chơi</p> \r\n<p>Kích thước: </p>\r\n<p style=\"margin-left: .5in;\"><span style=\"font-size: 10.5pt; font-family: \'Verdana\',\'sans-serif\'; color: black;\">Size M&lt;58kg</span></p>\r\n<p style=\"margin-left: .5in;\"><span style=\"font-size: 10.5pt; font-family: \'Verdana\',\'sans-serif\'; color: black;\">Size L&lt;66kg</span></p>\r\n<p style=\"margin-left: .5in;\"><span style=\"font-size: 10.5pt; font-family: \'Verdana\',\'sans-serif\'; color: black;\">Size XL&lt;75kg</span></p>  ', 1, 0, 0, 100, 87, 98),
(9, '2', 'Quần Nỉ Nam Zakado (QNIB001GHS) Màu Ghi Sáng Chất Liệu Cotton Cao Cấp', 'product9_1.jpg', 'product9_2.jpg', 160000, 'Tên sản phẩm:Quần Nỉ Nam Zakado (QNIB001GHS) Màu Ghi Sáng Chất Liệu Cotton Cao Cấp. \r\n\r\nMàu: Ghi Sáng. \r\n\r\nKiểu dáng : Slimfit. \r\n\r\nThành phần: 95% CVC, 5% spandex. \r\n\r\nSize: M - L - XL - 2XL - 3XL. \r\n\r\nSản xuất: Việt Nam.', '<p><strong>TÊN SẢN PHẨM:</strong> :Quần Nỉ Nam Zakado (QNIB001GHS) Màu Ghi Sáng Chất Liệu Cotton Cao Cấp</p>\r\n<p><img style=\"display: block; margin-left: auto; margin-right: auto;\" src=\"https://salt.tikicdn.com/ts/tmp/52/a0/4f/fbbbbe460445199e6368739db56da284.jpg\" alt=\"\" width=\"750\" height=\"1050\" /></p>\r\n<p><img style=\"display: block; margin-left: auto; margin-right: auto;\" src=\"https://salt.tikicdn.com/ts/tmp/b2/62/94/89dd2d04598ee4e2f74185c0dc286349.jpg\" alt=\"\" width=\"750\" height=\"750\" /></p>\r\n<p><strong>KIỂU DÁNG:</strong> Slimfit</p>\r\n<p><strong>CHI TIẾT:</strong></p>\r\n<p>- Quần Nỉ Nam Zakado (QNIB001GHS) Màu Ghi Sáng Chất Liệu Cotton Cao Cấp có thiết kế phom slimfit, ôm vừa người nhưng vẫn hoạt động thoải mái.</p>\r\n<p>- Quần Nỉ Nam, họa tiết hoặc in chữ cách điệu.… sáng tạo phù hợp vóc dáng đặc trưng của nam giới Việt, giúp tôn vẻ ngoài năng động, trẻ trung, khỏe khoắn, nam tính.</p>\r\n<p>- Quần Nỉ Nam Zakado (QNIB001GHS) có màu sắc trẻ trung, dễ dàng phối cùng giày thể thao hoặc giày lười, thích hợp sử dụng trong các dịp đi chơi, gặp gỡ bạn bè</p>\r\n<p><strong>CHẤT LIỆU:</strong></p>\r\n<p>- CVC là Cotton pha cao cấp được xử lý bằng công nghệ Nano, pha Spandex làm lên Quần Nỉ Nam Zakado (QNIB001GHS) Màu Ghi Sáng Màu Ghi Sáng Chất Liệu Cotton Cao Cấp mềm mát, thoáng khí, thấm hút mồ hôi tốt đồng thời có khả năng co giãn nhẹ nhàng, tạo cảm giác thoải mái trong mọi hoạt động.</p>\r\n<p><strong>MÀU SẮC: </strong>Ghi Sáng</p>\r\n<p><strong>SIZE:</strong> M - L - XL - 2XL - 3XL</p>\r\n<p><strong>HƯỚNG DẪN CHỌN SIZE:</strong></p>\r\n<p><strong><img style=\"display: block; margin-left: auto; margin-right: auto;\" src=\"https://salt.tikicdn.com/ts/tmp/c0/8b/6c/fbbdb973485e973ea07094afe2be5211.jpg\" alt=\"\" width=\"750\" height=\"555\" /><br /></strong></p> ', 1, 1, 12, 200, 116, 108),
(10, '3', 'Mũ lưỡi trai Baseball Unisex Be Bold thương hiệu Coolmate', 'product10_1.jpg', 'product10_2.jpg', 129000, 'Form mũ chuẩn với đường may sắc nét. \r\n\r\nChất liệu vải cotton bền dáng. \r\n\r\nKhoá đồng chất chơi không lo rỉ sét như khoá sắt. \r\n\r\nMàu đen thần thái dễ đội dễ phối đồ. \r\n\r\nChữ trắng thể hiện phong cách cá nhân. ', '<p class=\"p1\">Nếu chỉ phải sở hữu duy nhất một chiếc mũ lưỡi trai, thì mũ Baseball sẽ luôn là lựa chọn tối ưu nhất cho tủ đồ của bạn: hài hoà với bất kỳ khuôn mặt nào, dễ dàng phối với outfit bên dưới, và cực kỳ tiện lợi cho việc bảo quản vì form mũ khó hư hơn.</p>\r\n<p class=\"p1\"><strong>5 điểm nhất từ chiếc mũ lưỡi trai Baseball Coolmate:</strong></p>\r\n<p class=\"p1\">- Form mũ chuẩn với đường may sắc nét<span class=\"Apple-converted-space\"> </span></p>\r\n<p class=\"p1\">- Chất liệu vải cotton bền dáng<span class=\"Apple-converted-space\"> </span></p>\r\n<p class=\"p1\">- Khoá đồng chất chơi không lo rỉ sét như khoá sắt<span class=\"Apple-converted-space\"> </span></p>\r\n<p class=\"p1\">- Màu đen thần thái dễ đội dễ phối đồ<span class=\"Apple-converted-space\"> </span></p>\r\n<p class=\"p1\">- Chữ trắng thể hiện phong cách cá nhân<span class=\"Apple-converted-space\"> </span></p>\r\n<p class=\"p1\"><strong>Hướng dẫn giặt/là:</strong></p>\r\n<p class=\"p1\">- Không dùng chất tẩy mạnh</p>\r\n<p class=\"p1\">- Có thể là/ủi với nhiệt độ dưới 100 độ C</p>\r\n<p class=\"p1\">- Nên giặt riêng bằng tay</p>\r\n<p class=\"p1\"><strong>Tự hào sản xuất tại Việt Nam</strong><span class=\"Apple-converted-space\"> </span></p>\r\n<p class=\"p1\"><span class=\"Apple-converted-space\"><img src=\"https://salt.tikicdn.com/ts/tmp/8d/b0/13/c2ed719502aed35b01d268e3d1c04801.jpg\" alt=\"\" width=\"750\" height=\"1126\" /></span></p>\r\n<p class=\"p1\"><span class=\"Apple-converted-space\"><img src=\"https://salt.tikicdn.com/ts/tmp/17/73/fa/3e1f99418b077534444c87b3766ecc4f.jpg\" alt=\"\" width=\"750\" height=\"984\" /></span></p>', 0, 1, 0, 60, 42, 210),
(11, '3', 'Nón Lưỡi Trai Everest Motalo L-H228 (Trắng)', 'product11_1.jpg', 'product11_2.jpg', 69000, 'Chất liệu vải tổng hợp bền đẹp. \r\n\r\nThiết kế thoáng không tạo cảm giác hầm khi đội. \r\n\r\nVành rộng giúp che nắng bảo vệ mắt khỏi tia mặt trời. \r\n\r\nCó thế phối với nhiều loại trang phục.', ' <ul>\r\n<li><strong>Nón Lưỡi Trai Everest Motalo L-H228 (Trắng)</strong> mang đến vẻ ngoài trẻ trung, năng động cho người sử dụng với tông màu trơn đơn giản để bạn có thể tùy thích kết hợp với nhiều trang phục khác nhau hằng ngày. </li>\r\n<li>Chất liệu vải tổng hợp được dệt may chắc chắn, chống phai sờn và bạc màu theo thời gian.</li>\r\n<li>Đường may tinh xảo đảm bảo duy trì tuổi thọ dài lâu cho sản phẩm.</li>\r\n<li>Diện nón chống nắng thời trang bạn sẽ thoải mái với các hoạt động ngoài trời mà không sợ nắng và giúp bạn thời trang hơn.</li>\r\n<li>Bạn có thể đội nón để đi học, dạo phố hay du lịch vào những dịp rảnh rỗi cùng bạn bè và người thân.</li>\r\n</ul>', 0, 1, 5, 60, 44, 641),
(12, '3', 'Nón kết/ Mũ lưỡi trai kaki khóa dài NON0206T', 'product12_1.jpg', 'product12_2.jpg', 150000, 'Chất liệu: Kaki. \r\n\r\nMàu sắc: trắng. \r\n\r\nSize: Freesize. \r\n\r\nKiểu dáng: đa dạng, trẻ trung. \r\n\r\nPhù hợp cả nam và nữ. \r\n\r\nDễ dàng điều đỉnh Size bằng khóa sau mũ. \r\n\r\nXuất xứ: được sản xuất và gia công tại Việt Nam. ', '<p class=\"MsoNormal\"><span style=\"font-size: 13.0pt; line-height: 107%; font-family: \'Times New Roman\',serif;\"><span style=\"mso-spacerun: yes;\">  </span><strong style=\"mso-bidi-font-weight: normal;\">Nón kết / Mũ lưỡi trai:</strong></span></p>\r\n<p class=\"MsoListParagraphCxSpFirst\" style=\"text-indent: -.25in; mso-list: l0 level1 lfo1;\"><!-- [if !supportLists]--><span style=\"font-size: 13.0pt; line-height: 107%; mso-ascii-font-family: Calibri; mso-fareast-font-family: Calibri; mso-hansi-font-family: Calibri; mso-bidi-font-family: Calibri;\"><span style=\"mso-list: Ignore;\">-<span style=\"font: 7.0pt \'Times New Roman\';\">          </span></span></span><!--[endif]--><span style=\"font-size: 13.0pt; line-height: 107%; font-family: \'Times New Roman\',serif;\">Là một phụ kiện không thể thiếu trong tủ đồ của các bạn trẻ hiện nay.</span></p>\r\n<p class=\"MsoListParagraphCxSpMiddle\" style=\"text-indent: -.25in; mso-list: l0 level1 lfo1;\"><!-- [if !supportLists]--><span style=\"font-size: 13.0pt; line-height: 107%; mso-ascii-font-family: Calibri; mso-fareast-font-family: Calibri; mso-hansi-font-family: Calibri; mso-bidi-font-family: Calibri;\"><span style=\"mso-list: Ignore;\">-<span style=\"font: 7.0pt \'Times New Roman\';\">          </span></span></span><!--[endif]--><span style=\"font-size: 13.0pt; line-height: 107%; font-family: \'Times New Roman\',serif;\">Kết cấu đơn giản, màu sắc đa dạng.</span></p>\r\n<p class=\"MsoListParagraphCxSpMiddle\" style=\"text-indent: -.25in; mso-list: l0 level1 lfo1;\"><!-- [if !supportLists]--><span style=\"font-size: 13.0pt; line-height: 107%; mso-ascii-font-family: Calibri; mso-fareast-font-family: Calibri; mso-hansi-font-family: Calibri; mso-bidi-font-family: Calibri;\"><span style=\"mso-list: Ignore;\">-<span style=\"font: 7.0pt \'Times New Roman\';\">          </span></span></span><!--[endif]--><span style=\"font-size: 13.0pt; line-height: 107%; font-family: \'Times New Roman\',serif;\">Là món phụ kiện unisex có thể được sử dụng linh hoạt cho cả nam và nữ.</span></p>\r\n<p class=\"MsoListParagraphCxSpMiddle\" style=\"text-indent: -.25in; mso-list: l0 level1 lfo1;\"><!-- [if !supportLists]--><span style=\"font-size: 13.0pt; line-height: 107%; mso-ascii-font-family: Calibri; mso-fareast-font-family: Calibri; mso-hansi-font-family: Calibri; mso-bidi-font-family: Calibri;\"><span style=\"mso-list: Ignore;\">-<span style=\"font: 7.0pt \'Times New Roman\';\">          </span></span></span><!--[endif]--><span style=\"font-size: 13.0pt; line-height: 107%; font-family: \'Times New Roman\',serif;\">Có khả năng kết hợp nhiều set đồ, phong cách thời trang khác nhau mà không sợ bị “lạc quẻ”.</span></p>\r\n<p class=\"MsoListParagraphCxSpMiddle\" style=\"text-indent: -.25in; mso-list: l0 level1 lfo1;\"><!-- [if !supportLists]--><span style=\"font-size: 13.0pt; line-height: 107%; mso-ascii-font-family: Calibri; mso-fareast-font-family: Calibri; mso-hansi-font-family: Calibri; mso-bidi-font-family: Calibri;\"><span style=\"mso-list: Ignore;\">-<span style=\"font: 7.0pt \'Times New Roman\';\">          </span></span></span><!--[endif]--><span style=\"font-size: 13.0pt; line-height: 107%; font-family: \'Times New Roman\',serif;\">Trở thành món phụ kiện vô cùng hữu ích cho những chuyến du lịch và dã ngoại.</span></p>\r\n<p class=\"MsoListParagraphCxSpMiddle\"><strong style=\"mso-bidi-font-weight: normal;\"><span style=\"font-size: 13.0pt; line-height: 107%; font-family: \'Times New Roman\',serif;\">Cách vệ sinh nón:</span></strong></p>\r\n<p class=\"MsoListParagraphCxSpMiddle\" style=\"text-indent: -.25in; mso-list: l0 level1 lfo1;\"><!-- [if !supportLists]--><span style=\"font-size: 13.0pt; line-height: 107%; mso-ascii-font-family: Calibri; mso-fareast-font-family: Calibri; mso-hansi-font-family: Calibri; mso-bidi-font-family: Calibri;\"><span style=\"mso-list: Ignore;\">-<span style=\"font: 7.0pt \'Times New Roman\';\">          </span></span></span><!--[endif]--><span style=\"font-size: 13.0pt; line-height: 107%; font-family: \'Times New Roman\',serif;\">Phải luôn giặt bằng tay hoặc bàn chải đánh răng</span></p>\r\n<p class=\"MsoListParagraphCxSpMiddle\" style=\"text-indent: -.25in; mso-list: l0 level1 lfo1;\"><!-- [if !supportLists]--><span style=\"font-size: 13.0pt; line-height: 107%; mso-ascii-font-family: Calibri; mso-fareast-font-family: Calibri; mso-hansi-font-family: Calibri; mso-bidi-font-family: Calibri;\"><span style=\"mso-list: Ignore;\">-<span style=\"font: 7.0pt \'Times New Roman\';\">          </span></span></span><!--[endif]--><span style=\"font-size: 13.0pt; line-height: 107%; font-family: \'Times New Roman\',serif;\">Dùng dầu gội đầu thay cho xà phòng vì chất tẩy mạnh sẽ làm ảnh hưởng đến vải, thậm chí làm phai màu.</span></p>\r\n<p class=\"MsoListParagraphCxSpLast\" style=\"text-indent: -.25in; mso-list: l0 level1 lfo1;\"><!-- [if !supportLists]--><span style=\"font-size: 13.0pt; line-height: 107%; mso-ascii-font-family: Calibri; mso-fareast-font-family: Calibri; mso-hansi-font-family: Calibri; mso-bidi-font-family: Calibri;\"><span style=\"mso-list: Ignore;\">-<span style=\"font: 7.0pt \'Times New Roman\';\">          </span></span></span><!--[endif]--><span style=\"font-size: 13.0pt; line-height: 107%; font-family: \'Times New Roman\',serif;\">Chú ý phơi mũ lưỡi trai tại nơi thoáng gió, tuyệt đối không được phơi ngoài trời nắng sẽ khiến mũ bị bạc màu.</span></p>\r\n<p><img src=\"https://salt.tikicdn.com/ts/tmp/ff/7a/18/57e50911fdc5b68f610a0542e0b4b534.jpg\" alt=\"\" width=\"750\" height=\"730\" /></p>', 1, 0, 10, 102, 64, 450),
(13, '4', 'Giày thể thao nam Đế khí Nâng chiều cao 4-5 cm Màu đen - trắng full size từ 39-44 Phong cách Hàn Quốc Mẫu 2020', 'product13_1.jpg', 'product13_2.jpg', 500000, 'Mẫu mới HOT HIT cho mùa hè 2020. \r\n\r\nThiết kế tinh tế, từng chi tiết rõ ràng, tỉ mỉ. \r\n\r\nPhong cách trẻ trung năng động. \r\n\r\nMặt phủ da PU cao cấo. \r\n\r\nĐế Khí nâng chiều cao 4-5cm giúp bạn tự tin hơn, êm hơn, chống sốc tốt hơn an toàn cho đôi chân của bạn.', '<p>Giày thể thao nam Đế khí Nâng chiều cao 4-5 cm Màu đen - trắng full size từ 39-44 Phong cách Hàn Quốc Mẫu 2020</p>\r\n<p>Mẫu mới HOT HIT cho mùa hè 2020<br />Thiết kế tinh tế, từng chi tiết rõ ràng, tỉ mỉ<br />Phong cách trẻ trung năng động<br />Mặt phủ da PU cao cấo<br />Đế Khí nâng chiều cao 4-5cm giúp bạn tự tin hơn, êm hơn, chống sốc tốt hơn an toàn cho đôi chân của bạn</p>\r\n<p>2 màu đen trắng rất dễ mix với những set đồ thể thao đơn giản, sooc lửng, hay jeans đều được. Tạo ra được vẻ lịch sự, đơn giản, và đầy đầy tự</p>\r\n<p><img id=\"https://salt.tikicdn.com/ts/tmp/85/20/60/aae092812c2924d0b7ac8a2540dd25ab.jpg\" style=\"display: block; margin-left: auto; margin-right: auto;\" title=\"\" src=\"https://salt.tikicdn.com/ts/tmp/85/20/60/aae092812c2924d0b7ac8a2540dd25ab.jpg\" alt=\"\" width=\"750\" height=\"750\" /></p>\r\n<p><img style=\"display: block; margin-left: auto; margin-right: auto;\" src=\"https://salt.tikicdn.com/ts/tmp/fd/f2/ff/c544a21e4d50cb80caec7e1642e2790e.jpg\" alt=\"\" width=\"750\" height=\"750\" /></p>\r\n<p><img id=\"https://salt.tikicdn.com/ts/tmp/47/f7/c6/038fad70e6d7ba6872c0a24f3bb6641d.jpg\" style=\"display: block; margin-left: auto; margin-right: auto;\" title=\"\" src=\"https://salt.tikicdn.com/ts/tmp/47/f7/c6/038fad70e6d7ba6872c0a24f3bb6641d.jpg\" alt=\"\" width=\"750\" height=\"750\" /></p>\r\n<p> </p>\r\n<p><img id=\"https://salt.tikicdn.com/ts/tmp/07/88/63/a8ccdede30824eb5510ca5789abc60da.jpg\" style=\"display: block; margin-left: auto; margin-right: auto;\" title=\"\" src=\"https://salt.tikicdn.com/ts/tmp/07/88/63/a8ccdede30824eb5510ca5789abc60da.jpg\" alt=\"\" width=\"750\" height=\"750\" /></p>\r\n<p><img id=\"https://salt.tikicdn.com/ts/tmp/d0/59/c0/4e8923008e89faebab070077f055b895.jpg\" style=\"display: block; margin-left: auto; margin-right: auto;\" title=\"\" src=\"https://salt.tikicdn.com/ts/tmp/d0/59/c0/4e8923008e89faebab070077f055b895.jpg\" alt=\"\" width=\"750\" height=\"750\" /></p> ', 1, 1, 25, 150, 64, 78),
(14, '4', 'Giày thể thao da thật nam 90071', 'product14_1.jpg', 'product14_2.jpg', 2790000, 'Chất liệu: Làm từ lớp đầu tiên của da bò.\r\n\r\nKhông bong tróc da trong suốt thời gian sử dụng. \r\n\r\nĐường chỉ may chắc chắn, tỉ mỉ. ', '<p><em><strong>Giày thể thao da thật nam 90071</strong></em></p>\r\n<p>Nhập khẩu: USA</p>\r\n<p>Giới tính: Nam</p>\r\n<p>Trọng lượng: 900g</p>\r\n<p><strong>SIZE CHUẨN CỦA GIÀY:</strong></p>\r\n<p> - <strong>Size 38</strong> (dài 240 mm) - <strong>Size 39</strong> (dài 245 mm) </p>\r\n<p> - <strong>Size 40</strong> (dài 250 mm) - <strong>Size 41</strong> (dài 255 mm) </p>\r\n<p> - <strong>Size 42</strong> (dài 260 mm) -<strong> Size 43 </strong>(dài 265 mm) </p>\r\n<p> - <strong>Size 44</strong> (dài 270 mm)</p>\r\n<p><strong>BẢO HÀNH 36 THÁNG</strong></p>\r\n<p> - Chất liệu: Làm từ lớp da cao cấp đầu tiên của da bò.</p>\r\n<p> - Không bong  da trong suốt thời gian sử dụng</p>\r\n<p> (hình ảnh sản phẩm 100% chụp bằng sản phẩm thật, do ánh sáng môi trường xung quanh và màn hình hiển thị độ phân giải là lý do khiến màu của sản phẩm đậm hơn hoặc nhạt hơn so với bên ngoài)</p>\r\n<p> </p>\r\n<p><img id=\"https://salt.tikicdn.com/ts/tmp/f3/fb/99/a2756ba6cb9ea801dd810336d2bc2519.jpg\" title=\"\" src=\"https://salt.tikicdn.com/ts/tmp/f3/fb/99/a2756ba6cb9ea801dd810336d2bc2519.jpg\" alt=\"\" width=\"750\" height=\"750\" /></p>\r\n<p><img id=\"https://salt.tikicdn.com/ts/tmp/b7/b4/9b/bfe8780090eada989ebe7702a6577f96.jpg\" title=\"\" src=\"https://salt.tikicdn.com/ts/tmp/b7/b4/9b/bfe8780090eada989ebe7702a6577f96.jpg\" alt=\"\" width=\"750\" height=\"750\" /></p>\r\n<p><img id=\"https://salt.tikicdn.com/ts/tmp/3c/de/8c/b280a1f1f07d16c1f80088a98af30386.jpg\" title=\"\" src=\"https://salt.tikicdn.com/ts/tmp/3c/de/8c/b280a1f1f07d16c1f80088a98af30386.jpg\" alt=\"\" width=\"750\" height=\"750\" /></p>\r\n<p><img id=\"https://salt.tikicdn.com/ts/tmp/c4/20/e7/33fccef3d67340bb932c0f01b39b1a6e.jpg\" title=\"\" src=\"https://salt.tikicdn.com/ts/tmp/c4/20/e7/33fccef3d67340bb932c0f01b39b1a6e.jpg\" alt=\"\" width=\"750\" height=\"750\" /></p>\r\n<p><img id=\"https://salt.tikicdn.com/ts/tmp/32/d4/9f/ead7e5a0db291c83e2a9a63f1fdcc4ae.jpg\" title=\"\" src=\"https://salt.tikicdn.com/ts/tmp/32/d4/9f/ead7e5a0db291c83e2a9a63f1fdcc4ae.jpg\" alt=\"\" width=\"750\" height=\"750\" /></p>\r\n<p><img id=\"https://salt.tikicdn.com/ts/tmp/a2/f0/b5/018cf4a46c76deafcdf800d7bf51983f.jpg\" title=\"\" src=\"https://salt.tikicdn.com/ts/tmp/a2/f0/b5/018cf4a46c76deafcdf800d7bf51983f.jpg\" alt=\"\" width=\"750\" height=\"750\" /></p>\r\n<p><img id=\"https://salt.tikicdn.com/ts/tmp/24/ff/ae/58eddee2e46c0b446b033079bae71dbd.jpg\" title=\"\" src=\"https://salt.tikicdn.com/ts/tmp/24/ff/ae/58eddee2e46c0b446b033079bae71dbd.jpg\" alt=\"\" width=\"750\" height=\"750\" /></p>\r\n<p><img id=\"https://salt.tikicdn.com/ts/tmp/8a/c4/9a/bb88d01294e17e1c1f558e0bff3847aa.jpg\" title=\"\" src=\"https://salt.tikicdn.com/ts/tmp/8a/c4/9a/bb88d01294e17e1c1f558e0bff3847aa.jpg\" alt=\"\" width=\"750\" height=\"750\" /></p>\r\n<p><img id=\"https://salt.tikicdn.com/ts/tmp/38/25/93/3d06d31da052a869a0ef218b48c74aa7.jpg\" title=\"\" src=\"https://salt.tikicdn.com/ts/tmp/38/25/93/3d06d31da052a869a0ef218b48c74aa7.jpg\" alt=\"\" width=\"750\" height=\"750\" /></p>', 0, 1, 15, 160, 103, 69),
(15, '4', 'Giày Thể Thao Sneaker Nam 133', 'product15_1.jpg', 'product15_2.jpg', 400000, 'Siêu nhẹ , siêu êm , tự tin thể hiện phong cách soái ca sành điệu. \r\n\r\nĐược làm từ chất liệu cao cấp, rất mềm mại và êm ái, tạo cảm giác thoải mái cho từng bước đi. Phần đế làm bằng cao su tổng hợp với phần rãnh chống trơn trượt', ' <p><strong>Giày thể thao thời trang, nâng cao, độn đế 5-6 cm </strong></p>\r\n<p>Chất liệu vải , nhẹ , đẹp, đế cao su đi êm , không có đèn nhấp nháy ở đế. Sản phẩm đang là hot trend trên thị trường.</p>\r\n<p>sản phẩm màu đen</p>\r\n<p>Size từ 39 tới 43.</p>\r\n<p>Hướng dẫn chọn size</p>\r\n<p><img src=\"https://salt.tikicdn.com/ts/product/74/31/78/633cd72faec584fd6c7b4a54f8edff4f.jpg\" alt=\"\" width=\"516\" height=\"388\" /></p>\r\n<p> </p>', 0, 1, 0, 97, 46, 452),
(16, '5', 'Đồng Hồ Nam Điện Tử Thể Thao SKMEI 1155B - DHA473', 'product16_1.jpg', 'product16_2.jpg', 205000, 'Chính hãng SKMEI. \r\n\r\nThiết kế thời trang, hiện đại. \r\n\r\nChống shock, chống va đập. \r\n\r\nBộ máy Quartz Nhật. \r\n\r\nVỏ máy và dây đeo làm bằng nhựa cao cấp siêu bền. \r\n\r\nTích hợp chức năng hiển thị thứ, ngày, tháng, báo thức và hẹn giờ tiện lợi. \r\n\r\nĐèn LED phát sáng bề mặt giúp dễ quan sát trong bóng tối. \r\n\r\nĐộ chống nước 5ATM: tắm nhanh, rửa tay, rửa măt; Không tắm nước nóng và bơi nước mặn. ', '<p class=\"show-more\" style=\"box-sizing: border-box; margin: 5px 0px 12px; color: #242424; font-family: Roboto, Helvetica, Arial, sans-serif; font-size: 13px; font-style: normal; font-variant-ligatures: normal; font-variant-caps: normal; font-weight: 400; letter-spacing: normal; orphans: 2; text-align: justify; text-indent: 0px; text-transform: none; white-space: normal; widows: 2; word-spacing: 0px; -webkit-text-stroke-width: 0px; background-color: #ffffff; text-decoration-style: initial; text-decoration-color: initial;\"> </p>\r\n<div id=\"gioi-thieu\" class=\"content js-content expand\" style=\"box-sizing: border-box; overflow: hidden; margin-bottom: 15px; max-height: none; line-height: 21px; color: #333333; font-family: Roboto, Helvetica, Arial, sans-serif; font-size: 13px; font-style: normal; font-variant-ligatures: normal; font-variant-caps: normal; font-weight: 400; letter-spacing: normal; orphans: 2; text-align: justify; text-indent: 0px; text-transform: none; white-space: normal; widows: 2; word-spacing: 0px; -webkit-text-stroke-width: 0px; background-color: #ffffff; text-decoration-style: initial; text-decoration-color: initial;\">\r\n<p dir=\"ltr\" style=\"box-sizing: border-box; margin: 4pt 0px 9pt; color: #242424; line-height: 1.38; background-color: #ffffff;\"><strong style=\"box-sizing: border-box; font-weight: 500;\"><span style=\"box-sizing: border-box; background-color: #ffffff; font-variant-numeric: normal; font-variant-east-asian: normal; vertical-align: baseline;\"><span style=\"box-sizing: border-box; color: #242424; font-family: Verdana;\"><span style=\"box-sizing: border-box; white-space: pre-wrap;\">ĐỒNG HỒ NAM THỂ THAO SKMEI 1155B - DHA473</span></span></span></strong></p>\r\n<p style=\"box-sizing: border-box; margin: 5px 0px 12px; color: #242424; text-align: justify; padding-left: 30px;\"><span style=\"box-sizing: border-box; font-size: 12pt; color: #000000;\">Phiên bản mới nâng cấp mới của mẫu đồng hồ điện tử Skmei 1155 hot nhất năm 2018 của hãng đồng hồ điện tử SKMEI. Với phiên bản mới góc cạnh hơn - man lỳ nam tính hơn. Với kích thước mặt khá lớn đến 52mm sản phẩm chỉ phù hợp với bạn Nam có kích cỡ trung bình to không phù hợp với bạn nam tay nhỏ nhé!</span></p>\r\n<p style=\"box-sizing: border-box; margin: 5px 0px 12px; color: #242424; text-align: justify; padding-left: 30px;\"> </p>\r\n<p style=\"box-sizing: border-box; margin: 5px 0px 12px; color: #242424;\"><span style=\"box-sizing: border-box; font-size: 12pt; color: #000000;\"><img style=\"box-sizing: border-box; vertical-align: middle; border: 0px; display: block; max-width: 100%; height: auto; margin-left: auto; margin-right: auto;\" src=\"https://vcdn.tikicdn.com/ts/tmp/89/f7/fb/ae5e55d8f45f371a197f70e19c3bec1f.jpg\" alt=\"Đồng hồ Nam thể thao SKMEI 1155B - DHA473\" width=\"750\" height=\"750\" /><img style=\"box-sizing: border-box; vertical-align: middle; border: 0px; display: block; max-width: 100%; height: auto; margin-left: auto; margin-right: auto;\" src=\"https://vcdn.tikicdn.com/ts/tmp/90/e2/59/61499916b4d00ee3d39894497bb1e01b.jpg\" alt=\"Đồng hồ Nam thể thao SKMEI 1155B - DHA473\" width=\"750\" height=\"750\" /><br style=\"box-sizing: border-box;\" /></span></p>\r\n<p style=\"box-sizing: border-box; margin: 5px 0px 12px; color: #242424;\"> </p>\r\n<p style=\"box-sizing: border-box; margin: 0px; color: #333333; padding: 0px; outline: none; font-family: Arial, \'Helvetica Neue\', Helvetica, sans-serif;\"><strong style=\"box-sizing: border-box; font-weight: 500;\"><span style=\"box-sizing: border-box; font-size: 12pt; color: #000000;\"><span style=\"box-sizing: border-box; font-family: tahoma, arial, helvetica, sans-serif;\">THÔNG TIN CHI TIẾT </span></span></strong></p>\r\n<p style=\"box-sizing: border-box; margin: 0px; color: #333333; padding: 0px; outline: none; font-family: Arial, \'Helvetica Neue\', Helvetica, sans-serif;\"><span style=\"box-sizing: border-box; font-size: 12pt; font-family: tahoma, arial, helvetica, sans-serif; color: #000000;\">Thương hiệu: <span style=\"box-sizing: border-box; margin: 0px; padding: 0px; outline: none; font-weight: bold;\">Skmei Chính Hãng</span></span></p>\r\n<p style=\"box-sizing: border-box; margin: 0px; color: #333333; padding: 0px; outline: none; font-family: Arial, \'Helvetica Neue\', Helvetica, sans-serif;\"><span style=\"box-sizing: border-box; font-size: 12pt; font-family: tahoma, arial, helvetica, sans-serif; color: #000000;\">Kiểu máy: <span style=\"box-sizing: border-box; margin: 0px; padding: 0px; outline: none; font-weight: bold;\">Nhật</span></span></p>\r\n<p style=\"box-sizing: border-box; margin: 0px; color: #333333; padding: 0px; outline: none; font-family: Arial, \'Helvetica Neue\', Helvetica, sans-serif;\"><span style=\"box-sizing: border-box; font-size: 12pt; font-family: tahoma, arial, helvetica, sans-serif; color: #000000;\">Dành cho:<span style=\"box-sizing: border-box; margin: 0px; padding: 0px; outline: none; font-weight: bold;\"> Nam</span></span></p>\r\n<p style=\"box-sizing: border-box; margin: 0px; color: #333333; padding: 0px; outline: none; font-family: Arial, \'Helvetica Neue\', Helvetica, sans-serif;\"><span style=\"box-sizing: border-box; font-size: 12pt; font-family: tahoma, arial, helvetica, sans-serif; color: #000000;\">Chất liệu vỏ:<span style=\"box-sizing: border-box; margin: 0px; padding: 0px; outline: none; font-weight: bold;\"> Cao Su và Nhựa</span></span></p>\r\n<p style=\"box-sizing: border-box; margin: 0px; color: #333333; padding: 0px; outline: none; font-family: Arial, \'Helvetica Neue\', Helvetica, sans-serif;\"><span style=\"box-sizing: border-box; color: #000000;\"><span style=\"box-sizing: border-box; font-size: 12pt; font-family: tahoma, arial, helvetica, sans-serif;\">Chất liệu mặt trước: <span style=\"box-sizing: border-box; margin: 0px; padding: 0px; outline: none; font-weight: bold;\">Nhựa cứng</span></span><span style=\"box-sizing: border-box; font-size: 12pt; font-family: tahoma, arial, helvetica, sans-serif;\"><span style=\"box-sizing: border-box; margin: 0px; padding: 0px; outline: none; font-weight: bold;\"><br style=\"box-sizing: border-box; margin: 0px; padding: 0px; outline: none;\" /></span></span></span></p>\r\n<p style=\"box-sizing: border-box; margin: 0px; color: #333333; padding: 0px; outline: none; font-family: Arial, \'Helvetica Neue\', Helvetica, sans-serif;\"><span style=\"box-sizing: border-box; font-size: 12pt; font-family: tahoma, arial, helvetica, sans-serif; color: #000000;\">Chất liệu dây: <span style=\"box-sizing: border-box; margin: 0px; padding: 0px; outline: none; font-weight: bold;\">Cao su mềm, êm tay</span></span></p>\r\n<p style=\"box-sizing: border-box; margin: 0px; color: #333333; padding: 0px; outline: none; font-family: Arial, \'Helvetica Neue\', Helvetica, sans-serif;\"><span style=\"box-sizing: border-box; font-size: 12pt; font-family: tahoma, arial, helvetica, sans-serif; color: #000000;\">Mặt kính: <span style=\"box-sizing: border-box; margin: 0px; padding: 0px; outline: none; font-weight: bold;\">Phẳng</span></span></p>\r\n<p style=\"box-sizing: border-box; margin: 0px; color: #333333; padding: 0px; outline: none; font-family: Arial, \'Helvetica Neue\', Helvetica, sans-serif;\"><span style=\"box-sizing: border-box; font-size: 12pt; font-family: tahoma, arial, helvetica, sans-serif; color: #000000;\">Kích thước mặt: <span style=\"box-sizing: border-box; margin: 0px; padding: 0px; outline: none; font-weight: bold;\">52mm - 55mm (Luôn vành không tính mấu gắn dây)</span></span></p>\r\n<p style=\"box-sizing: border-box; margin: 0px; color: #333333; padding: 0px; outline: none; font-family: Arial, \'Helvetica Neue\', Helvetica, sans-serif;\"><span style=\"box-sizing: border-box; font-size: 12pt; font-family: tahoma, arial, helvetica, sans-serif; color: #000000;\">Kích thước dây: <span style=\"box-sizing: border-box; margin: 0px; padding: 0px; outline: none; font-weight: bold;\">22mm</span></span></p>\r\n<p style=\"box-sizing: border-box; margin: 0px; color: #333333; padding: 0px; outline: none; font-family: Arial, \'Helvetica Neue\', Helvetica, sans-serif;\"><span style=\"box-sizing: border-box; font-size: 12pt; font-family: tahoma, arial, helvetica, sans-serif; color: #000000;\">Độ dày mặt:<span style=\"box-sizing: border-box; margin: 0px; padding: 0px; outline: none; font-weight: bold;\"> 17m</span></span></p>\r\n<p style=\"box-sizing: border-box; margin: 0px; color: #333333; padding: 0px; outline: none; font-family: Arial, \'Helvetica Neue\', Helvetica, sans-serif;\"><span style=\"box-sizing: border-box; font-size: 12pt; font-family: tahoma, arial, helvetica, sans-serif; color: #000000;\">Độ dày dây: <span style=\"box-sizing: border-box; margin: 0px; padding: 0px; outline: none; font-weight: bold;\">2mm</span></span></p>\r\n<p style=\"box-sizing: border-box; margin: 0px; color: #333333; padding: 0px; outline: none; font-family: Arial, \'Helvetica Neue\', Helvetica, sans-serif;\"><span style=\"box-sizing: border-box; font-size: 12pt; font-family: tahoma, arial, helvetica, sans-serif; color: #000000;\">Tổng chiều dài: <span style=\"box-sizing: border-box; margin: 0px; padding: 0px; outline: none; font-weight: bold;\">260cm</span></span></p>\r\n<p style=\"box-sizing: border-box; margin: 0px; color: #333333; padding: 0px; outline: none; font-family: Arial, \'Helvetica Neue\', Helvetica, sans-serif;\"><span style=\"box-sizing: border-box; font-size: 12pt; font-family: tahoma, arial, helvetica, sans-serif; color: #000000;\">Số kim: <span style=\"box-sizing: border-box; margin: 0px; padding: 0px; outline: none; font-weight: bold;\">3 kim + Xem giờ / phút điện tử</span></span></p>\r\n<p style=\"box-sizing: border-box; margin: 0px; color: #333333; padding: 0px; outline: none; font-family: Arial, \'Helvetica Neue\', Helvetica, sans-serif;\"><span style=\"box-sizing: border-box; font-size: 12pt; font-family: tahoma, arial, helvetica, sans-serif; color: #000000;\">Số lịch:<span style=\"box-sizing: border-box; margin: 0px; padding: 0px; outline: none; font-weight: bold;\"> Lịch ngày / tháng điện tử</span></span></p>\r\n<p style=\"box-sizing: border-box; margin: 0px; color: #333333; padding: 0px; outline: none; font-family: Arial, \'Helvetica Neue\', Helvetica, sans-serif;\"><span style=\"box-sizing: border-box; font-size: 12pt; color: #000000;\"><span style=\"box-sizing: border-box; font-family: tahoma, arial, helvetica, sans-serif;\">Độ chịu nước: </span><span style=\"box-sizing: border-box; font-family: tahoma, arial, helvetica, sans-serif;\">Chịu nước tốt; tránh các hoạt động bơi lội</span></span></p>\r\n<p style=\"box-sizing: border-box; margin: 0px; color: #333333; padding: 0px; outline: none; font-family: Arial, \'Helvetica Neue\', Helvetica, sans-serif;\"><span style=\"box-sizing: border-box; font-size: 12pt; color: #000000;\"><span style=\"box-sizing: border-box; font-family: tahoma, arial, helvetica, sans-serif;\">Năng lượng sử dụng: </span><span style=\"box-sizing: border-box; font-family: tahoma, arial, helvetica, sans-serif;\">Pin chuẩn</span></span></p>\r\n<p style=\"box-sizing: border-box; margin: 0px; color: #333333; padding: 0px; outline: none; font-family: Arial, \'Helvetica Neue\', Helvetica, sans-serif;\"> </p>\r\n<p style=\"box-sizing: border-box; margin: 0px; color: #333333; padding: 0px; outline: none; font-family: Arial, \'Helvetica Neue\', Helvetica, sans-serif;\"><span style=\"box-sizing: border-box; font-size: 12pt; color: #000000;\"><span style=\"box-sizing: border-box; margin: 0px; padding: 0px; outline: none; font-weight: bold;\"><span style=\"box-sizing: border-box; font-family: tahoma, arial, helvetica, sans-serif;\">Chức năng: </span></span></span></p>\r\n<p style=\"box-sizing: border-box; margin: 0px; color: #333333; padding: 0px; outline: none; font-family: Arial, \'Helvetica Neue\', Helvetica, sans-serif;\"><span style=\"box-sizing: border-box; margin: 0px; padding: 0px; outline: none; font-size: 12pt; color: #000000;\"><span style=\"box-sizing: border-box; margin: 0px; padding: 0px; outline: none; font-family: tahoma, arial, helvetica, sans-serif;\">+ Theo dõi 2 múi giờ với đồng hồ kim và điện tử</span></span></p>\r\n<p style=\"box-sizing: border-box; margin: 0px; color: #333333; padding: 0px; outline: none; font-family: Arial, \'Helvetica Neue\', Helvetica, sans-serif;\"><span style=\"box-sizing: border-box; margin: 0px; padding: 0px; outline: none; font-size: 12pt; font-family: tahoma, arial, helvetica, sans-serif; color: #000000;\"><span style=\"box-sizing: border-box; margin: 0px; padding: 0px; outline: none;\">+ Xem giờ/phút, thứ/ngày/tháng</span></span></p>\r\n<p style=\"box-sizing: border-box; margin: 0px; color: #333333; padding: 0px; outline: none; font-family: Arial, \'Helvetica Neue\', Helvetica, sans-serif;\"><span style=\"box-sizing: border-box; margin: 0px; padding: 0px; outline: none; font-size: 12pt; font-family: tahoma, arial, helvetica, sans-serif; color: #000000;\"><span style=\"box-sizing: border-box; margin: 0px; padding: 0px; outline: none;\">+ Hẹn giờ báo thức</span></span></p>\r\n<p style=\"box-sizing: border-box; margin: 0px; color: #333333; padding: 0px; outline: none; font-family: Arial, \'Helvetica Neue\', Helvetica, sans-serif;\"><span style=\"box-sizing: border-box; margin: 0px; padding: 0px; outline: none; font-size: 12pt; font-family: tahoma, arial, helvetica, sans-serif; color: #000000;\"><span style=\"box-sizing: border-box; margin: 0px; padding: 0px; outline: none;\">+ Bấm giờ</span></span></p>\r\n<p style=\"box-sizing: border-box; margin: 0px; color: #333333; padding: 0px; outline: none; font-family: Arial, \'Helvetica Neue\', Helvetica, sans-serif;\"><span style=\"box-sizing: border-box; margin: 0px; padding: 0px; outline: none; font-size: 12pt; font-family: tahoma, arial, helvetica, sans-serif; color: #000000;\"><span style=\"box-sizing: border-box; margin: 0px; padding: 0px; outline: none;\">+ Đèn led xem buổi tối</span></span></p>\r\n<p style=\"box-sizing: border-box; margin: 0px; color: #333333; padding: 0px; outline: none; font-family: Arial, \'Helvetica Neue\', Helvetica, sans-serif;\"> </p>\r\n<p style=\"box-sizing: border-box; margin: 0px; color: #333333; padding: 0px; outline: none; font-family: Arial, \'Helvetica Neue\', Helvetica, sans-serif;\"><img style=\"box-sizing: border-box; vertical-align: middle; border: 0px; display: block; max-width: 100%; height: auto; margin-left: auto; margin-right: auto;\" src=\"https://vcdn.tikicdn.com/ts/tmp/fe/d5/9d/641dd5bb2fd1707e3e1823d88255a9c2.jpg\" alt=\"Đồng hồ Nam thể thao SKMEI 1155B - DHA473\" width=\"750\" height=\"750\" /></p>\r\n<p style=\"box-sizing: border-box; margin: 0px; color: #333333; padding: 0px; outline: none; font-family: Arial, \'Helvetica Neue\', Helvetica, sans-serif;\"><span style=\"box-sizing: border-box; margin: 0px; padding: 0px; outline: none; font-size: 12pt; font-family: tahoma, arial, helvetica, sans-serif; color: #000000;\"><span style=\"box-sizing: border-box; margin: 0px; padding: 0px; outline: none;\"><img style=\"box-sizing: border-box; vertical-align: middle; border: 0px; display: block; max-width: 100%; height: auto; margin-left: auto; margin-right: auto;\" src=\"https://vcdn.tikicdn.com/ts/tmp/bb/12/74/3fb6ccec876f5d0b86d32de7c9aacad7.jpg\" alt=\"Đồng hồ Nam thể thao SKMEI 1155B - DHA473\" width=\"750\" height=\"1126\" /></span></span></p>\r\n<p style=\"box-sizing: border-box; margin: 0px; color: #333333; padding: 0px; outline: none; font-family: Arial, \'Helvetica Neue\', Helvetica, sans-serif;\"> </p>\r\n<p style=\"box-sizing: border-box; margin: 0px; color: #333333; padding: 0px; outline: none; font-family: Arial, \'Helvetica Neue\', Helvetica, sans-serif;\"><span style=\"box-sizing: border-box; font-size: 12pt; font-family: tahoma, arial, helvetica, sans-serif; color: #000000;\"><span style=\"box-sizing: border-box; margin: 0px; padding: 0px; outline: none; font-weight: bold;\">BỘ SẢN PHẨM BÁN CHUẨN GỒM</span></span></p>\r\n<p style=\"box-sizing: border-box; margin: 0px; color: #333333; padding: 0px; outline: none; font-family: Arial, \'Helvetica Neue\', Helvetica, sans-serif;\"><span style=\"box-sizing: border-box; font-size: 12pt; font-family: tahoma, arial, helvetica, sans-serif; color: #000000;\"> 1 Đồng hồ Skmei <span style=\"box-sizing: border-box; margin: 0px; padding: 0px; outline: none; font-weight: bold;\">Chính Hãng</span></span></p>\r\n<p style=\"box-sizing: border-box; margin: 0px; color: #333333; padding: 0px; outline: none; font-family: Arial, \'Helvetica Neue\', Helvetica, sans-serif;\"><span style=\"box-sizing: border-box; font-size: 12pt; font-family: tahoma, arial, helvetica, sans-serif; color: #000000;\"> </span><span style=\"box-sizing: border-box; font-size: 12pt; font-family: tahoma, arial, helvetica, sans-serif; color: #000000;\">1 Phiếu bảo hành</span></p></div>', 1, 1, 0, 201, 105, 789),
(17, '5', 'Đồng Hồ Nam 2 Lịch Crnaira CR049 Dây Thép Mành + Tặng Hộp Và Pin', 'product17_1.jpg', 'product17_2.jpg', 1000000, 'Kiểu Máy: Quartz\r\n\r\nKích thước mặt: 40mm\r\n\r\nĐộ dày mặt: 9 mm\r\n\r\nKích thước dây: 220mm x 20mm (Dài x Rộng). \r\n\r\nSố kim: 3 kim chạy, (Chạy 2 Lịch Song Song). \r\n\r\nChất liệu dây và vỏ: Đây thép cao cấp, Vỏ máy bằng thép. \r\n\r\nKhả năng chịu nước: 3 ATM (rửa tay, đi mưa ). \r\n\r\nNên tránh tiếp xúc với hóa chất như xà phòng, nước tẩy rửa, không mang khi bơi lội..', '<h5 style=\"text-align: justify;\">Chất liệu dây thép không gỉ cao cấp</h5>\r\n<p class=\"MsoNormal\" style=\"text-align: justify;\"> </p>\r\n<p style=\"text-align: justify;\"><strong>Đồng Hồ Nam 2 Lịch Crnaira CR049</strong> có vỏ máy và dây đều được làm bằng thép không gỉ cao cấp, có bề mặt sáng bóng. Chất liệu đồng hồ bền bỉ, mang lại giá trị sử dụng lâu dài và cảm giác thoải mái, dễ chịu cho người đeo. Ngoài ra, sản phẩm có dây đeo chắc chắn, ôm vừa vặn tay nên bạn hoàn toàn có thể yên tâm khi tham gia các hoạt động hàng ngày.</p>\r\n<p style=\"text-align: justify;\"><img style=\"font-family: \'Times New Roman\', serif; font-size: 18.6667px; text-align: center;\" src=\"https://salt.tikicdn.com/ts/tmp/fe/04/4a/32ba987efc7fd2e5dfb5810787517130.jpg\" alt=\"\" width=\"750\" height=\"750\" /></p>\r\n<h5>Trang bị chức năng xem lịch tiện lợi</h5>\r\n<p>Sản phẩm mang thuộc dòng đồng hồ Quartz với độ chính xác cao đến từng giây, từng phút, giúp bạn quản lý thời gian một cách tốt nhất.  Ngoài ra, đồng hồ còn được trang bị chức năng lịch thứ và lịch Ngày (Lưu ý Lịch thứ sản phẩm có 2 ngôn ngữ , Anh và trung quốc nên các bạn tùy chỉnh theo ngôn ngữ yêu thích dễ sử dụng).</p>\r\n<p style=\"text-align: justify;\"><img style=\"font-family: \'Times New Roman\', serif; font-size: 18.6667px; text-align: center;\" src=\"https://salt.tikicdn.com/ts/tmp/71/50/de/8ec51de27d2f0764d6acafb1971e1d02.jpg\" alt=\"\" width=\"750\" height=\"750\" /></p>\r\n<h5 style=\"text-align: justify;\">Mặt kính khoáng chống trầy xước</h5>\r\n<p style=\"text-align: justify;\">Đồng hồ có mặt kính bằng kính khoáng cao cấp trong suốt rõ nét, chống trầy xước, chịu lực tốt, độ cứng cao (chống va đập tốt ở mức sinh hoạt hằng ngày). Bên cạnh đó, phần kim và số được thể hiện rõ ràng nhưng cũng không kém phần tinh tế, vừa đáp ứng nhu cầu quản lý thời gian vừa tô điểm thêm cho set trang phục của bạn.</p>\r\n<p style=\"text-align: justify;\"><img style=\"font-family: \'Times New Roman\', serif; font-size: 18.6667px; text-align: center;\" src=\"https://salt.tikicdn.com/ts/tmp/e3/82/7b/094a51c47d3d0477872f265939c6de79.jpg\" alt=\"\" width=\"750\" height=\"750\" /></p>\r\n<h5>Phụ kiện thời trang không thể thiếu cho phái mạnh</h5>\r\n<p>Đồng hồ nam Crnaira CR049 là món phụ kiện không thể thiếu của các bạn nam, chiếc đồng hồ giúp bạn khẳng định cá tính thời trang của chính mình. Crnaira CR049 sở hữu thiết kế sang trọng với các chi tiết được chế tác tinh xảo, góp phần nâng tầm phong cách của người đeo. Với chiếc đồng hồ Crnaira, các bạn nam có thể sử dụng trong mọi dịp, từ đi làm, đi chơi hay tham dự những buổi tiệc.</p>\r\n<p><img style=\"font-family: \'Times New Roman\', serif; font-size: 18.6667px; text-align: center;\" src=\"https://salt.tikicdn.com/ts/tmp/2e/1c/3c/30ed0ea0b867286f9fe9b2fbf3807112.jpg\" alt=\"\" width=\"750\" height=\"750\" /></p>\r\n<h5>Khả năng chống nước 3ATM</h5>\r\n<p>Đồng hồ còn có khả năng chịu nước tốt 3ATM (30m) có thể đi mưa, rửa tay, rửa mặt. Tránh tiếp xúc với môi trường hóa chất như giặt đồ, tắm gội.</p>\r\n<p><img style=\"font-family: \'Times New Roman\', serif; font-size: 18.6667px; text-align: center;\" src=\"https://salt.tikicdn.com/ts/tmp/50/43/3d/9d1e5253692cc6f66c78482025ac5ade.jpg\" alt=\"\" width=\"750\" height=\"750\" /></p>', 1, 1, 20, 160, 120, 659);
INSERT INTO `tbl_product` (`product_id`, `category_id`, `name`, `img1`, `img2`, `gia`, `mota`, `chitiet`, `hot`, `new`, `km`, `mua`, `thich`, `sl_con`) VALUES
(18, '5', 'Đồng hồ Nam chính hãng mặt số 3D, chống nước SKMEI RB9069, Kèm hộp da bảo quản cao cấp như hình', 'product18_1.jpg', 'product18_2.jpg', 450000, 'Thiết kế tinh tế và thời thượng phù hợp với nhiều đối tượng và công việc. \r\n\r\nSản phẩm kèm hộp da cao cấp. \r\n\r\nChất liệu vỏ: Thép không gỉ mạ Demi PVD. \r\n\r\nChất liệu dây: Thép không gỉ mạ Demi PVD. \r\n\r\nNăng lượng sử dụng: Quartz. \r\n\r\nMức độ chịu nước: 3ATM. \r\n\r\nSản phẩm bao gồm : Đồng hồ + Hộp da cao cấp. ', ' <h5>Thiết kế sang trọng</h5>\r\n<p><strong>Đồng Hồ Nam chính hãng SKMEI RB9069</strong> sẽ là món phụ kiện nổi bật cho phong cách thời trang riêng của các bạn nam, dễ dàng kết hợp với nhiều trang phục khác nhau. Từ thời trang công sở lịch lãm với quần âu, áo sơ mi, vest cho đến thời trang casual hàng ngày với quần Jeans, áo pull hoặc ăn vận như một fashionita với skinny Jeans rách, áo Jacket da.</p>\r\n<p> </p>\r\n<p style=\"text-align: center;\">Hộp da bảo quản</p>\r\n<p><img style=\"display: block; margin-left: auto; margin-right: auto;\" src=\"https://salt.tikicdn.com/ts/tmp/81/6b/36/5de0ef4362875af0520d6c6b2bf1880c.jpg\" alt=\"\" width=\"750\" height=\"494\" /></p>\r\n<p style=\"text-align: center;\"><img src=\"https://salt.tikicdn.com/ts/tmp/e6/8b/62/ae4add9d98175737193f9c73d6883112.jpg\" alt=\"\" width=\"750\" height=\"554\" /></p>\r\n<p style=\"text-align: center;\"> </p>\r\n<p style=\"text-align: center;\"><img src=\"https://salt.tikicdn.com/ts/tmp/24/e0/2a/aba730d2d892beb37ae671d894fa3df3.jpg\" alt=\"\" width=\"750\" height=\"485\" /></p>\r\n<p style=\"text-align: center;\"> </p>\r\n<p style=\"text-align: center;\"><img src=\"https://salt.tikicdn.com/ts/tmp/3c/f5/ca/eea9b73f928719ba6d2eab93d19e63c2.jpg\" alt=\"\" width=\"750\" height=\"746\" /></p>\r\n<p style=\"text-align: center;\"> </p>\r\n<h5>Mặt tròn đơn giản, tinh tế</h5>\r\n<p>Sản phẩm được thiết kế với mặt đồng hồ tròn đơn giản, tinh tế với tính năng hiện đại cho phái mạnh tự tin, và toát lên sự thanh lịch, nhưng không kém phần thời trang, khỏe khoắn, cá tính. Ngoài ra mặt đồng hồ còn được sử dụng chất liệu kính khoáng cao cấp giúp chịu lực tốt, bền đẹp và dễ dàng theo dõi từng chuyển động.</p>\r\n<p style=\"text-align: center;\"><img src=\"https://salt.tikicdn.com/ts/tmp/64/5d/b6/15b78a8161c941c1f68a94d6b358cb28.jpg\" alt=\"\" width=\"750\" height=\"751\" /></p>\r\n<h5>Dây thép không gỉ, sáng bóng</h5>\r\n<p>Đồng hồ SKMEI có vỏ máy và dây đều được làm bằng thép không gỉ cao cấp, có bề mặt sáng bóng. Chất liệu đồng hồ bền bỉ, mang lại giá trị sử dụng lâu dài và cảm giác thoải mái, dễ chịu cho người đeo. Ngoài ra, sản phẩm có dây đeo chắc chắn, ôm vừa vặn tay nên bạn hoàn toàn có thể yên tâm khi tham gia các hoạt động hàng ngày.</p>\r\n<p style=\"text-align: center;\"> </p>\r\n<p style=\"text-align: center;\"><img src=\"https://salt.tikicdn.com/ts/tmp/95/52/86/455d55fc0a4ceae92d3dbaa3ff3e8f24.jpg\" alt=\"\" width=\"750\" height=\"1082\" /></p>\r\n<div id=\"gioi-thieu\" class=\"content js-content expand\">\r\n<p><strong>Lưu ý:</strong> Nên tránh tiếp xúc với hóa chất như xà phòng, nước tẩy rửa, không mang khi bơi lội</p>\r\n</div>\r\n<p> </p>', 1, 0, 5, 260, 163, 74),
(19, '6', 'ÁO VEST NAM PHONG CÁCH', 'product19_1.jpg', 'product19_2.jpg', 1050000, 'Áo 2 lớp, bên trong lót dù lụa mềm mịn, độ bền cao. Đặt biệt có túi bên trong áo vô cùng tiện lợi. \r\n\r\nThiết kế form áo body, trẻ trung, cá tính. Phù hợp mặc đồng phục Cty, đi sự kiện. Các buổi Party. \r\n\r\nÁo dễ phối với trang phục là quần jean áo thun, quần tây áo sơ mi. \r\n\r\nÁo chất lượng, thời trang và giá cả vô cùng hợp lí. ', '<p style=\"box-sizing: border-box; margin-top: 0px; margin-bottom: 1rem; color: #212529; font-family: Roboto, \'Helvetica Neue\', Arial, sans-serif; font-size: 12px;\"><span style=\"box-sizing: border-box; color: #333333; font-size: 14pt;\">+ Chất liệu: Chất liệu vải Kaki Thái, không xù, không phai màu. Áo 2 lớp, bên trong dù lụa mềm mịn, độ bền cao. Thiết kế form áo body, trẻ trung, kiểu áo 1 cúc giữa, tay áo đính cúc lịch sự</span><br style=\"box-sizing: border-box; color: #333333;\" /><span style=\"box-sizing: border-box; color: #333333; font-size: 14pt;\">+ </span><span style=\"color: #333333; font-family: Roboto, Helvetica Neue, Arial, sans-serif;\"><span style=\"font-size: 18.6667px;\">Đặt biệt có túi bên trong áo vô cùng tiện lợi. </span></span><span style=\"color: #333333; font-family: Roboto, Helvetica Neue, Arial, sans-serif;\"><span style=\"font-size: 18.6667px;\">Phù hợp mặc đồng phục Công ty, Khoác trong Các sự kiện. Các buổi P</span></span></p>\r\n<p style=\"box-sizing: border-box; margin-top: 0px; margin-bottom: 1rem; color: #212529; font-family: Roboto, \'Helvetica Neue\', Arial, sans-serif; font-size: 12px;\"><span style=\"color: #333333; font-family: Roboto, \'Helvetica Neue\', Arial, sans-serif; font-size: 18.6667px;\">+ Màu sắc: Xám, đen, Xanhas</span></p>\r\n<p style=\"box-sizing: border-box; margin-top: 0px; margin-bottom: 1rem; color: #212529; font-family: Roboto, \'Helvetica Neue\', Arial, sans-serif; font-size: 12px;\"><span style=\"color: #333333; font-family: Roboto, \'Helvetica Neue\', Arial, sans-serif; font-size: 18.6667px;\">+ Kích thước Size: M, L, XL.</span></p>\r\n<p style=\"box-sizing: border-box; margin-top: 0px; margin-bottom: 1rem; color: #212529; font-family: Roboto, \'Helvetica Neue\', Arial, sans-serif; font-size: 12px;\"><span style=\"color: #333333; font-family: Roboto, Helvetica Neue, Arial, sans-serif;\"><span style=\"font-size: 18.6667px;\"><img src=\"https://salt.tikicdn.com/ts/tmp/a4/67/13/898b5f8fb17b96b685b27dc6b9c2dc17.png\" alt=\"\" width=\"750\" height=\"311\" /></span></span></p>', 0, 1, 12, 300, 120, 1020),
(20, '6', 'Áo Khoác Vest Nam Vải Kaki Dày Mịn Đứng Form Màu Đen - TC04041', 'product20_1.jpg', 'product20_2.jpg', 900000, 'Áo Khoác Vest Nam theo phong cách hàn quốc, áo vest thích hợp cho tất cả mọi người trong tất cả môi trường như làm việc văn phòng, tiếp tân, đi chơi, hội nghi, tiệc tùng...', '<p><strong>Áo Khoác Vest Nam</strong> theo phong cách hàn quốc, áo vest thích hợp cho tất cả mọi người trong tất cả môi trường như làm việc văn phòng, tiếp tân, đi chơi, hội nghi, tiệc tù<br />Xuất xứ: Việt Nam<br />Chất liệu: vải Kaki<br />Màu sắc: Đen<br />Áo có 3 size:<br />Size M (dưới 56kg) ( ngực 100cm, vai 43cm, dài tay 60cm, dài áo 67cm)<br />Size L (dưới 64kg) ( ngực 106cm, vai 43cm, dài tay 60cm, dài áo 67cm).<br />Size XL (dưới 72kg) ( ngực 108cm, vai 43cm, dài tay 60cm, dài áo 67cm)<br />Thông số kích cỡ tuỳ chiều cao, size số 0.5-0.7cm</p>\r\n<p><strong>Áo Khoác Vest Nam Vải Kaki Dày Mịn Đứng Form Màu Xanh Đen - TC04041</strong></p>\r\n<p style=\"text-align: center;\"><img src=\"https://salt.tikicdn.com/ts/tmp/8e/e0/36/5f25f138831cda32763de5e6ee6f0c58.jpg\" alt=\"\" width=\"500\" height=\"700\" /></p>\r\n<p style=\"text-align: left;\"><strong>Áo Khoác Vest mang đén cho phái mạnh cvr sang trọng, lịch lãm và vô cùng cá tính.</strong></p>\r\n<p style=\"text-align: left;\"><strong>Áo Khoác Vest Phù hợp cho những sự kiện, cuộc hẹn hò lãng mạn, hay những buổi hẹn, </strong></p>\r\n<p style=\"text-align: left;\"><strong>Áo được thiết kế vừa sang trọng, lịch lãm vừa trẻ trung, năng động.</strong></p>\r\n<p style=\"text-align: center;\"><strong><img src=\"https://salt.tikicdn.com/ts/tmp/fc/d4/6d/c7d87b112deaa6823bb41e91419b2573.jpg\" alt=\"\" width=\"500\" height=\"700\" /><br /></strong></p>\r\n<p style=\"text-align: center;\"><strong><img src=\"https://salt.tikicdn.com/ts/tmp/d6/1e/e5/84ab26c98afc50081d0f73f17eaf0743.jpg\" alt=\"\" width=\"500\" height=\"700\" /></strong></p>', 1, 0, 12, 600, 324, 140),
(21, '7', 'Bộ đồ thể thao nam MDV TTN37', 'product21_1.jpg', 'product21_2.jpg', 200000, '<p>Logo con mắt c&ugrave;ng những h&agrave;ng chữ in ph&aacute; c&aacute;ch trẻ trung, năng động. Chất liệu: &Aacute;o thun cotton m&aacute;t mịn, quần da c&aacute; d&agrave;y dặn. Size: M,L,XL, XXL Th&iacute;ch hợp bạn nam 40-75kg. M&agrave;u sắc: M&agrave;u trắng. m&agrave;u đen. M&agrave;u đỏ. Thiết kế theo phong c&aacute;c h&agrave;n quốc cực manly. &Aacute;o cổ tr&ograve;n quần lửng bo ch&acirc;n thoải m&aacute;i vận động.</p>\r\n', '<div style=\"color:#333333; font-family:\'Helvetica Neue\',Helvetica,Arial,sans-serif\"><span style=\"color:#000000\"><span style=\"font-size:16px\">️ Logo con mắt c&ugrave;ng những h&agrave;ng chữ in ph&aacute; c&aacute;ch trẻ trung, năng động</span></span></div>\r\n\r\n<div style=\"color:#333333; font-family:\'Helvetica Neue\',Helvetica,Arial,sans-serif\"><span style=\"color:#000000\"><span style=\"font-size:16px\">️ Chất liệu: &Aacute;o thun cotton m&aacute;t mịn, quần da c&aacute; d&agrave;y dặn</span></span></div>\r\n\r\n<div style=\"box-sizing:border-box; color:#333333; font-family:\'Helvetica Neue\',Helvetica,Arial,sans-serif\"><span style=\"color:#000000\"><span style=\"font-size:16px\">️ Size: M,L,XL, XXL Th&iacute;ch hợp bạn nam 40-75kg</span></span></div>\r\n\r\n<div style=\"color:#333333; font-family:\'Helvetica Neue\',Helvetica,Arial,sans-serif\"><span style=\"color:#000000\"><span style=\"font-size:16px\">️ M&agrave;u sắc: M&agrave;u trắng. m&agrave;u đen. M&agrave;u đỏ</span></span></div>\r\n\r\n<div style=\"box-sizing:border-box; color:#333333; font-family:\'Helvetica Neue\',Helvetica,Arial,sans-serif\"><span style=\"color:#000000\"><span style=\"font-size:16px\">️ Thiết kế theo phong c&aacute;c h&agrave;n quốc cực manly</span></span></div>\r\n\r\n<div style=\"color:#333333; font-family:\'Helvetica Neue\',Helvetica,Arial,sans-serif\"><span style=\"color:#000000; font-size:16px\">️ &Aacute;o cổ tr&ograve;n quần lửng bo ch&acirc;n thoải m&aacute;i vận động</span></div>\r\n\r\n<div style=\"color:#333333; font-family:\'Helvetica Neue\',Helvetica,Arial,sans-serif\"><span style=\"color:#000000\"><span style=\"font-size:16px\">️ C&oacute; thể mặc ở nh&agrave;, dạo phố, chạy bộ, chơi thể thao,&hellip;</span></span></div>\r\n\r\n<div style=\"box-sizing:border-box; color:#333333; font-family:\'Helvetica Neue\',Helvetica,Arial,sans-serif\">&nbsp;</div>\r\n\r\n<div style=\"box-sizing:border-box; color:#333333; font-family:\'Helvetica Neue\',Helvetica,Arial,sans-serif\"><span style=\"color:#000000\"><span style=\"font-size:16px\"><img alt=\"\" src=\"https://salt.tikicdn.com/ts/tmp/82/82/ea/0cea357ef3876aaa7ed626b385c17133.jpg\" style=\"height:402px; width:750px\" /></span></span></div>\r\n', 0, 1, 20, 65, 33, 639),
(22, '7', 'Áo Tennis Nam Dunlop - DATES9049-1C Thoáng khi co giãn thoát mồ hôi tốt phù hợp vận động thể thao chơi cầu lông tennis', 'product22_1.jpg', 'product22_2.jpg', 330000, '<p>Thương hiệu từ Anh Quốc - Sản xuất tại VN. Vải được cung cấp độc quyền bởi tập đo&agrave;n dệt may h&agrave;ng đầu Nhật Bản - Itochu. Chất liệu: 100% Polyester cao cấp, kh&ocirc;ng chứa th&agrave;nh phần Nilong.</p>\r\n', '<p>Thương hiệu từ Anh Quốc - Sản xuất tại VN</p>\r\n\r\n<p>Vải được cung cấp độc quyền bởi tập đo&agrave;n dệt may h&agrave;ng đầu Nhật Bản - Itochu</p>\r\n\r\n<p>Chất liệu: 100% Polyester cao cấp, kh&ocirc;ng chứa th&agrave;nh phần Nilong.</p>\r\n\r\n<p>Mềm, nhẹ, co gi&atilde;n tốt. Kh&aacute;ng khuẩn, chống tia UV</p>\r\n\r\n<p>Tho&aacute;ng kh&iacute;, tho&aacute;t mồ h&ocirc;i cực tốt, ph&ugrave; hợp đi chơi hoặc vận động nhiều.</p>\r\n\r\n<p>C&ocirc;ng nghệ In Ultrachrome Nhật Bản bền m&agrave;u vĩnh viễn, an to&agrave;n tuyệt đối với người mặc</p>\r\n\r\n<p>Đường may chắc chắn, tỉ mỉ Lifetime Guarantee</p>\r\n\r\n<p>Phẳng phiu v&agrave; b&oacute;ng bẩy với c&ocirc;ng nghệ Creaselock hạn chế nhăn hiệu quả</p>\r\n\r\n<p>100% Kh&aacute;ch h&agrave;ng ưng &yacute;, h&agrave;i l&ograve;ng khi sử dụng</p>\r\n\r\n<h2><strong><img alt=\"\" src=\"https://salt.tikicdn.com/ts/tmp/83/4e/79/019363c3eef6ed92c58965a3e9c263cf.jpg\" style=\"height:750px; width:750px\" /></strong></h2>\r\n\r\n<h2><strong>Đặc điểm nổi bật &Aacute;o Tennis Nam Dunlop - DATES9049-1C:</strong></h2>\r\n\r\n<p>&nbsp;</p>\r\n\r\n<ul>\r\n	<li>Vải được sản xuất độc quyền bởi tập đo&agrave;n dệt may h&agrave;ng đầu Nhật Bản - <strong>Itochu</strong></li>\r\n	<li>Chất liệu: 100% Polyester cao cấp, kh&ocirc;ng chứa th&agrave;nh phần Nilong.</li>\r\n	<li>Mềm, nhẹ, co gi&atilde;n tốt. Kh&aacute;ng khuẩn, chống tia UV</li>\r\n	<li>Tho&aacute;ng kh&iacute;, tho&aacute;t mồ h&ocirc;i cực tốt, ph&ugrave; hợp đi chơi hoặc vận động nhiều.</li>\r\n	<li>C&ocirc;ng nghệ In Ultrachrome Nhật Bản bền m&agrave;u vĩnh viễn, an to&agrave;n tuyệt đối với người mặc</li>\r\n	<li>Đường may chắc chắn, tỉ mỉ Lifetime Guarantee</li>\r\n	<li>Phẳng phiu v&agrave; b&oacute;ng bẩy với c&ocirc;ng nghệ Creaselock hạn chế nhăn hiệu quả</li>\r\n	<li>100% Kh&aacute;ch h&agrave;ng ưng &yacute;, h&agrave;i l&ograve;ng khi sử dụng</li>\r\n</ul>\r\n\r\n<p>&nbsp;</p>\r\n\r\n<h2><strong>Bảng lựa chọn Size &Aacute;o Tennis Nam Dunlop - DATES9049-1C:</strong></h2>\r\n\r\n<p>&nbsp;</p>\r\n\r\n<p><img alt=\"\" src=\"https://salt.tikicdn.com/ts/tmp/83/de/c9/96074b95eded1c1748ef9a260e07b8fa.jpg\" style=\"height:505px; width:750px\" /></p>\r\n\r\n<p>&nbsp;</p>\r\n\r\n<h2><strong>C&ocirc;ng nghệ h&agrave;ng đầu &aacute;p dụng trong &Aacute;o Tennis Nam Dunlop - DATES9049-1C:</strong></h2>\r\n\r\n<p>&nbsp;</p>\r\n\r\n<p>được người ti&ecirc;u d&ugrave;ng lựa chọn v&agrave; đ&aacute;nh gi&aacute; l&agrave; thương hiệu nằm trong top những thương hiệu <strong>thời trang thể thao</strong> nổi tiếng thế giới với đa dạng sản phẩm phục vụ cho rất nhiều c&aacute;c bộ m&ocirc;n thể thao kh&aacute;c nhau như: <strong>Tennis</strong>, <strong>Cầu l&ocirc;ng</strong>, <strong>Gym</strong>, <strong>Chạy</strong>, <strong>b&oacute;ng rổ</strong>ũng như <strong>thời trang thể thao mặc h&agrave;ng ng&agrave;y</strong>. Với hơn 100 năm ph&aacute;t triển, Dunlop đ&atilde; lu&ocirc;n cải tiến, &aacute;p dụng những C&ocirc;ng nghệ sản xuất mới n&acirc;ng cao chất lượng, t&iacute;nh năng v&agrave; c&ocirc;ng dụng của sản phẩm. C&oacute; thể kể đến c&aacute;c c&ocirc;ng nghệ chủ đạo như sau:</p>\r\n\r\n<ul>\r\n	<li><strong>C&ocirc;ng nghệ Lite AT &ndash; nhẹ nh&agrave;ng:</strong> sử dụng cho quần &aacute;o, gi&uacute;p cơ thể người mặc giảm bớt cảm gi&aacute;c nặng nề, tạo sự thoải m&aacute;i v&agrave; tăng hiệu quả cho vận động.</li>\r\n	<li><strong>C&ocirc;ng nghệ AT &ndash; STATIC &ndash; chống tĩnh điện: </strong>kỹ thuật chống tĩnh điện cho trang phục, giảm bớt v&agrave; tr&aacute;nh những tổn thương cho cơ thể người mặc khỏi những t&aacute;c động tĩnh điện do quần &aacute;o tiếp x&uacute;c với da.</li>\r\n	<li><strong>C&ocirc;ng nghệ WarmAT- PCM- giữ nhiệt: </strong>kỹ thuật giữ nhiệt, sử dụng chất liệu kỹ thuật cao PCM . Th&ocirc;ng qua việc điều tiết nhiệt độ cơ thể, gi&uacute;p người mặc tr&aacute;nh được những ảnh hưởng n&oacute;ng lạnh đột ngột t&aacute;c động từ m&ocirc;i trường b&ecirc;n ngo&agrave;i.</li>\r\n	<li><strong>C&ocirc;ng nghệ ATproof stain &ndash; chống bẩn: </strong>kỹ thuật chống bẩn, dễ l&agrave;m sạch v&agrave; thấm h&uacute;t ẩm nhanh được &aacute;p dụng nhằm gi&uacute;p người mặc nhanh ch&oacute;ng v&agrave; dễ d&agrave;ng l&agrave;m sạch những vết bẩn d&acirc;y tr&ecirc;n trang phục, giữ cho m&agrave;u sắc trang phục được tươi mới; đồng thời c&oacute; th&ecirc;m cả t&aacute;c dụng h&uacute;t ẩm nhanh.</li>\r\n	<li><strong>C&ocirc;ng nghệ ATproof bacteria- kh&aacute;ng khuẩn: </strong>kỹ thuật kh&aacute;ng khuẩn cho trang phục, ngăn ngừa sự sản sinh của c&aacute;c vi sinh vật v&agrave; vi khuẩn c&oacute; hại, giữ cho trang phục được sạch sẽ, thơm tho.</li>\r\n	<li><strong>C&ocirc;ng nghệ ATproof storm &ndash; tr&aacute;nh gi&oacute; to, chống thấm: </strong>kỹ thuật tr&aacute;nh gi&oacute;, chống thấm, tr&aacute;nh c&aacute;c điều kiện kh&iacute; hậu khắc nghiệt như mưa, gi&oacute;, b&atilde;o, tuyết đồng thời c&oacute; th&ecirc;m chức năng chống thấm cao, đảm bảo một độ ẩm v&agrave; nhiệt độ th&iacute;ch hợp cho cơ thể người mặc ph&iacute;a trong trang phục.</li>\r\n	<li><strong>C&ocirc;ng nghệ ATDry &ndash; h&uacute;t ẩm nhanh kh&ocirc;: </strong>kỹ thuật kh&ocirc; nhanh, h&uacute;t ẩm, duy tr&igrave; cảm gi&aacute;c tho&aacute;ng m&aacute;t, sạch sẽ cho người mặc trong qu&aacute; tr&igrave;nh vận động.</li>\r\n	<li><strong>C&ocirc;ng nghệ AT &ndash; UV- chống tia UV (tia tử ngoại): </strong>kỹ thuật chống tia tử ngoại được &aacute;p dụng v&agrave;o c&ocirc;ng nghệ dệt vải may trang phục, gi&uacute;p cho người sử dụng tr&aacute;nh được những t&aacute;c động xấu do bức xạ của tia tử ngoại g&acirc;y n&ecirc;n trong khi vận động.</li>\r\n	<li><strong>C&ocirc;ng nghệ ATproof rain: </strong>kỹ thuật chống thấm mưa vừa, gi&uacute;p cơ thể người sử dụng tr&aacute;nh được t&aacute;c động của những cơn mua vừa trong khi luyện tập, đồng thời l&agrave;m kh&ocirc; nhanh lượng mồ h&ocirc;i b&agrave;i tiết ra trong qu&aacute; tr&igrave;nh vận động, chống thấm ngược trở lại cơ thể, duy tr&igrave; sự kh&ocirc; r&aacute;o v&agrave; nhiệt độ th&iacute;ch hợp cho cơ thể khi mặc trang phục.</li>\r\n	<li><strong>C&ocirc;ng nghệ Clean cool: </strong>Kh&aacute;ng khuẩn, khử h&ocirc;i, th&ocirc;ng tho&aacute;ng nhanh kh&ocirc;.</li>\r\n	<li><strong>C&ocirc;ng nghệ Body &ndash; mapping: </strong>Chất liệu co gi&atilde;n tốt. Thiết kế &ocirc;m b&oacute; s&aacute;t người, l&agrave;m nổi l&ecirc;n những đường n&eacute;t của cơ thể.</li>\r\n	<li><strong>C&ocirc;ng nghệ Microft: </strong>Kỹ thuật chống thấm nước, kh&ocirc; nhanh.</li>\r\n</ul>\r\n\r\n<h2><strong>H&igrave;nh ảnh &Aacute;o Tennis Nam Dunlop - DATES9049-1C:</strong></h2>\r\n\r\n<h2>&nbsp;</h2>\r\n\r\n<p><img alt=\"\" id=\"https://salt.tikicdn.com/ts/tmp/d6/88/d5/d8a81913485f23e949ab838797431c82.jpg\" src=\"https://salt.tikicdn.com/ts/tmp/d6/88/d5/d8a81913485f23e949ab838797431c82.jpg\" style=\"height:750px; width:750px\" title=\"\" /></p>\r\n\r\n<p><img alt=\"\" id=\"https://salt.tikicdn.com/ts/tmp/2b/8e/00/493400a16374e3dec355f5479e14418f.jpg\" src=\"https://salt.tikicdn.com/ts/tmp/2b/8e/00/493400a16374e3dec355f5479e14418f.jpg\" style=\"height:750px; width:750px\" title=\"\" /></p>\r\n\r\n<p><img alt=\"\" id=\"https://salt.tikicdn.com/ts/tmp/5a/02/de/f30c065253ed2d2967517d5a0340880d.jpg\" src=\"https://salt.tikicdn.com/ts/tmp/5a/02/de/f30c065253ed2d2967517d5a0340880d.jpg\" style=\"height:750px; width:750px\" title=\"\" /></p>\r\n\r\n<p><img alt=\"\" id=\"https://salt.tikicdn.com/ts/tmp/9c/5c/00/d8d367956df72bbd84565fc35472d772.jpg\" src=\"https://salt.tikicdn.com/ts/tmp/9c/5c/00/d8d367956df72bbd84565fc35472d772.jpg\" style=\"height:750px; width:750px\" title=\"\" /></p>\r\n\r\n<p><img alt=\"\" id=\"https://salt.tikicdn.com/ts/tmp/55/47/cb/a9087b5fcecc67521a81b3378033bd05.jpg\" src=\"https://salt.tikicdn.com/ts/tmp/55/47/cb/a9087b5fcecc67521a81b3378033bd05.jpg\" style=\"height:750px; width:750px\" title=\"\" /></p>\r\n\r\n<p><img alt=\"\" id=\"https://salt.tikicdn.com/ts/tmp/46/07/6a/92779397d02ed142f5c58799cd8ab6da.jpg\" src=\"https://salt.tikicdn.com/ts/tmp/46/07/6a/92779397d02ed142f5c58799cd8ab6da.jpg\" style=\"height:750px; width:750px\" title=\"\" /></p>\r\n\r\n<p><img alt=\"\" id=\"https://salt.tikicdn.com/ts/tmp/05/cd/4a/109d2b04112af18e9f4e120fa3f94077.jpg\" src=\"https://salt.tikicdn.com/ts/tmp/05/cd/4a/109d2b04112af18e9f4e120fa3f94077.jpg\" style=\"height:750px; width:750px\" title=\"\" /></p>\r\n\r\n<p><img alt=\"\" id=\"https://salt.tikicdn.com/ts/tmp/a2/71/53/ffd5289f85629050469a54881cf0edb9.jpg\" src=\"https://salt.tikicdn.com/ts/tmp/a2/71/53/ffd5289f85629050469a54881cf0edb9.jpg\" style=\"height:750px; width:750px\" title=\"\" /></p>\r\n\r\n<p><img alt=\"\" id=\"https://salt.tikicdn.com/ts/tmp/49/d8/bb/80f66bcd9b555cad9712a5a3ca65e465.jpg\" src=\"https://salt.tikicdn.com/ts/tmp/49/d8/bb/80f66bcd9b555cad9712a5a3ca65e465.jpg\" style=\"height:750px; width:750px\" title=\"\" /></p>\r\n\r\n<p><img alt=\"\" id=\"https://salt.tikicdn.com/ts/tmp/c3/fa/ba/5a2826b2e00f639d0ecc50bb793d9a3d.jpg\" src=\"https://salt.tikicdn.com/ts/tmp/c3/fa/ba/5a2826b2e00f639d0ecc50bb793d9a3d.jpg\" style=\"height:750px; width:750px\" title=\"\" /></p>\r\n\r\n<h2><strong><img alt=\"\" src=\"https://salt.tikicdn.com/ts/tmp/4a/c6/f2/b4c08d0e01581a155b541bcefba744e3.jpg\" style=\"height:0px; width:0px\" /></strong></h2>\r\n', 1, 1, 15, 51, 34, 756),
(47, '3', 'Mũ thời trang 2020 HOT HOT HOT', '15916948613aaccb2f52ecb5b2ecfd.jpg', '1591694861ae91ff0c66cf8191d8de.jpg', 330000, '<p>Đội l&agrave; đẹp :))</p>\r\n', '<p>Đội l&agrave; đẹp :))</p>\r\n', 1, 1, 12, 10, 2, 11);

-- --------------------------------------------------------

--
-- Cấu trúc bảng cho bảng `tbl_productheart`
--

CREATE TABLE `tbl_productheart` (
  `productheart_id` int(11) NOT NULL,
  `product_id` int(11) NOT NULL,
  `id_user` int(11) NOT NULL
) ENGINE=InnoDB DEFAULT CHARSET=utf8;

--
-- Đang đổ dữ liệu cho bảng `tbl_productheart`
--

INSERT INTO `tbl_productheart` (`productheart_id`, `product_id`, `id_user`) VALUES
(72, 1, 11),
(73, 18, 11),
(75, 5, 11),
(85, 10, 0),
(89, 5, 18),
(90, 20, 18),
(91, 4, 18),
(92, 17, 11),
(93, 3, 18),
(96, 21, 0);

-- --------------------------------------------------------

--
-- Cấu trúc bảng cho bảng `tbl_promotion`
--

CREATE TABLE `tbl_promotion` (
  `id_pro` int(11) NOT NULL,
  `name` varchar(1000) NOT NULL,
  `mota` text NOT NULL,
  `img` varchar(500) NOT NULL,
  `content` text NOT NULL,
  `time` datetime NOT NULL,
  `start` datetime NOT NULL,
  `end` datetime NOT NULL
) ENGINE=InnoDB DEFAULT CHARSET=utf8;

--
-- Đang đổ dữ liệu cho bảng `tbl_promotion`
--

INSERT INTO `tbl_promotion` (`id_pro`, `name`, `mota`, `img`, `content`, `time`, `start`, `end`) VALUES
(1, 'ƯU ĐÃI GIAO MÙA – Đồng giá chỉ từ 99.000đ -299.000đ', 'Thời tiết giao mùa ẩm ương, nóng lạnh thất thường, thế nên ngại gì mà không tới NTH để săn ngay những sản phẩm ko thể thiếu trong tủ đồ gia đình mình với mức ƯU ĐÃI siêu yêu thương vô cùng hấp dẫn các bạn nhỉ?', 'KM_1.jpg', '<p> Chi tiết về chương trình ƯU ĐÃI GIAO &hellip;&quot;ƯU ĐÃI GIAO MÙA – Đồng giá chỉ từ 99.000đ -299.000đ&quot;\"</p>\r\n                    <p>ƯU ĐÃI GIAO MÙA – Đồng giá chỉ từ 99.000đ -299.000đ - NTH shop</p>\r\n                    \r\n                    <div>\r\n                        Chi tiết về chương trình ƯU ĐÃI GIAO MÙA:<br>\r\n\r\n⚡ Đồng giá từ 99.000 – 299.000 hàng ngàn sản phẩm<br>\r\n\r\n⚡ Đối tượng áp dụng: Sản phẩm nam, nữ, trẻ em<br>\r\n\r\n⚡ Danh mục sản phẩm được ưu đãi: <a href=\"index.php?controller=Frontend&controller=CategoryProduct&action=SearchProduct&to=99000&for=299000&p=1\" title=\"\">TẠI ĐÂY</a><br>\r\n? Địa điểm: Các cửa hàng Canifa trên toàn quốc và hệ thống mua hàng online<br>\r\n\r\n? ĐẶC BIỆT: Ngại ra ngoài đường? Không lo, đối với mỗi hóa đơn từ 499k trở lên, bạn sẽ được freeship.<br>\r\n\r\n Cả gia đình mình hãy nhân cơ hội này để mua sắm thật thỏa thích mà không phải lo về giá nào!<br>', '2020-05-03 07:00:00', '2020-02-04 11:00:00', '2020-02-11 00:00:00'),
(2, 'BLACK FRIDAY – GIẢM 20%– 50% TOÀN BỘ SẢN PHẨM NGUYÊN GIÁ', '<p>? ? HOT HOT HOT ❗❗ Cảnh báo cơn bão BLACK FRIDAY đang đổ bộ tại TOÀN HỆ THỐNG NTH .  Quý khách hàng đừng bỏ lỡ 1 trong những ngày hội mua sắm lớn nhất trong năm cùng NTH với chương trình ưu đãi cực ấn tượng</p>', 'KM_2.jpg', '<p>Giảm 20-50% TOÀN BỘ SẢN PHẨM trên TOÀN HỆ THỐNG & MUA HÀNG ONLINE.</p>\r\n                    <p>Trong đó:\r\n\r\nÁp dụng cho khách hàng Gold mua sắm tại cửa hàng NTH toàn quốc, đại lý Miền Bắc và toàn bộ khách hàng khi mua online <br>\r\nÁp dụng với toàn bộ khách hàng<br>\r\nĐỪNG BỎ LỠ, hãy chia sẻ ngay thông tin này đến với bạn bè và người thân để cùng thoả sức mua sắm trong dịp đặc biệt này bạn nhé!<br>\r\n\r\nQuý khách hàng lưu ý:<br>\r\n\r\n22/11/2019 – 23/11/2019: Khách hàng xuất trình thẻ Gold / Barcode mã khách hàng Gold trên App NTH trước khi thanh toán để được áp dụng ưu đãi. ( Thẻ Gold KHTT, Thẻ Gold nội bộ, Partner Card, Partner Forever, Thẻ Partner)<br>\r\nKhông áp dụng thẻ Vip, sinh nhật Vip<br>\r\nÁp dụng kèm cấp thẻ Vip, thẻ tích điểm và tích điểm cho các hạng thẻ dựa trên giá trị hóa đơn thanh toán cuối cùng.<br>\r\nÁp dụng động thời với mã ưu đãi CT tải App NTH (Nếu khách hàng đã có mã ưu đãi)<br>\r\nÁp dụng đồng thời thẻ mệnh giá, thẻ quà tặng, thẻ Esteem.. (Theo quy chế thẻ tương ứng)<br>\r\nĐối với sản phẩm giảm giá đã mua chỉ được đổi 01 lần sang sản phẩm khác màu/size trong cùng mã và đổi trong vòng 15 ngày kể từ ngày mua hàng (Trong trường hợp còn hàng).<br>\r\nNếu đổi sang sản phẩm có giá trị thấp hơn , khách hàng không nhận lại tiền thừa. Nếu đổi sang sản phẩm có giá trị cao hơn, khách hàng vui lòng thanh toán phần chênh lệch (giá trị chênh lệch sẽ được tính nguyên giá)<br>\r\nĐối với sản phẩm Giá đặc biệt: Được đổi sang sản phẩm nguyên giá/ giá đặc biệt khác trong vòng 15 ngày kể từ ngày mua hàng. Nếu đổi sang sản phẩm có giá trị thấp hơn, khách hàng không được nhận lại tiền thừa. Nếu đổi sang sản phẩm có giá trị cao hơn, khách hàng vui lòng thanh toán phần chênh lệch (giá trị chênh lệch sẽ được tính nguyên giá).<br>\r\nSản phẩm tặng áo len 0đ: Không đổi trả<br>\r\nSản phẩm phụ kiện: Không đổi trả<br>\r\nThông tin chi tiết về chương trình vui lòng truy cập: <a href=\"https://www.facebook.com/profile.php?id=100011359460359\" title=\"\">FaceBook</a>, <a href=\"index.php\" title=\"\">Trang chủ</a> hoặc liên hệ Hotline – 0981519920 (Miễn phí).</p>', '2020-05-06 11:00:00', '2020-05-07 07:00:00', '2020-05-14 00:00:00'),
(3, 'Siêu khuyễn mãi với những ưu đãi hot nhất từ trước đến nay', '<p>Bạn đã sẵn sàng chào hè 2020 cùng Canifa chưa?<br>\r\n\r\nViệt Nam đang bước vào nhũng ngày hoạt động trở lại và chúng ta ai cũng đang đón chờ một mùa hè rực rỡ hơn, tươi sáng hơn. Hãy để Canifa giúp bạn thỏa sức mua sắm, lên đồ cho một mùa mới nào!</p>', 'KM_5.jpg', '<p><b>Nội dung:</b><br>\r\n                        - Khuyễn mãi một số sản phẩm sơ mi như: <a href=\"index.php?controller=ProductDetail&id=1\" title=\"\">sơ mi nam cổ trụ</a>, <a href=\"index.php?controller=ProductDetail&id=3\" title=\"\">sơ mi nam dài tay</a>, <a href=\"index.php?controller=ProductDetail&id=4\" title=\"\">sơ mi nam vải trơn</a>,.....<br>\r\n                        - Hóa đơn trên 1.000.000-VNĐ sẽ được quay vòng quay may mắn. Có cơ hội trúng giải thưởng trị giá 1 tỷ đồng.<br>\r\n                        - Giới hạn 200 suất đặt trước.<br>\r\n                        - Đặt cọc trước 500.000đ.\r\n                    </p>\r\n                    <p><h4>* Tặng hàng hóa</h4>\r\n                    Chương trình cụ thể được áp dụng khi khách hàng mua một sản phẩm nào đó của cửa hàng sẽ được tặng một món hàng khác có giá trị nhỏ hơn. Thông thường các cửa hàng có thể tặng tất, tặng khăn Turban, hay găng tay vào mua đông hoặc kẹp tóc, kẹp áo, caravat… vào mùa hè để gợi ham muốn mua hàng hơn cho khách hàng.</p>\r\n\r\n                    <p><h4>* Giảm giá hàng hóa</h4>\r\n                    đây là chương trình chúng ta vẫn hay gặp mỗi khi mua hàng. Và có vẻ như loại khuyến mãi này được phần đông khách hàng ưa thích bởi tâm lý mua được hàng giá rẻ hơn ban đầu. Loại khuyến mãi này thường được áp dụng khi cửa hàng sales hàng cũ, xả hàng tồn kho hay dịp cuối mùa. Nếu là giảm giá hàng mới, thì con số giảm thường không đáng kể, rơi vào khoảng từ 5 đến 10%.</p>\r\n\r\n                    <p><h4>* Giảm giá hóa đơn</h4>\r\n                    Đây là một hình thức khuyến khích mua hàng rất hiệu quả mà nhiều nhãn hàng lớn về thời trang thường áp dụng rất thành công. Ngay cả các cửa hàng thời trang đơn lẻ hay chuỗi cửa hàng nhỏ cũng có thể áp dụng để giúp kích cầu hiệu quả.<br>\r\n\r\n                    Chẳng hạn, các khách hàng mua hàng có giá trị hóa đơn từ 700.000đ trở lên sẽ được giảm 100.000đ khi thanh toán. Như vậy, khi khách hàng mua 2 sản phẩm với giá trị khoảng 600.000đ, họ có tâm lý mua thêm 1 sản phẩm nữa để được giảm 100.000đ. Nếu so sánh với việc giảm giá hàng hóa, cách này có vẻ rất hữu hiệu bởi tâm lý thích được giảm tiền trực tiếp trên hóa đơn của khách hàng.</p>\r\n\r\n                    <p><h4>* Mua m tặng n</h4>\r\n                    Mua 2 tặng 1, mua 3 tặng 1. Đây cũng là một hình thức khuyến mãi phổ biến trong ngành kinh doanh thời trang nói riêng và các mặt hàng chuyên biệt khác nói chung. Mục tiêu cuối cũng vẫn là bán được nhiều hàng hơn, kích cầu để tăng doanh số bán.</p>', '2020-03-28 14:30:00', '2020-04-01 09:00:00', '2020-04-30 00:00:00'),
(4, 'NGÀY HỘI MUA SẮM ONLINE 12-12', '<p>ĐIỀU GÌ XẢY RA KHI TOÀN BỘ SẢN PHẨM CỦA NTH ĐỀU #DƯỚI_99K ??? <br>\r\nThật khó tin phải không?!?<br>\r\n3 NGÀY VÀNG GIÁ SỐC KHÔNG-THỂ-TIN-NỔI<br>', 'KM_3.jpg', '<p>ĐIỀU GÌ XẢY RA KHI TOÀN BỘ SẢN PHẨM CỦA NTH ĐỀU #DƯỚI_99K ??? <br>\r\nThật khó tin phải không?!?<br>\r\n3 NGÀY VÀNG GIÁ SỐC KHÔNG-THỂ-TIN-NỔI<br>\r\n\r\n❌❌ Từ ngày 11 – 13/12/2019 chỉ có tại website NTH: <a href=\"index.php\" title=\"\">project_3_11/index.php</a><br>\r\n\r\n???̀? ??̣̂ ??̉? ???̂̉? đ?̂̀? ??̛?̛́? ???<br>\r\nCơ hội có 1-0-2!!!<br>\r\n?‍♂?‍♀ Nào hãy nhanh chân tới các cửa hàng NTH ở trên để tận hưởng 3 ngày vàng giá sốc chưa từng có tại NTH bạn nhé!<br>\r\n\r\nCòn chần chừ gì nữa, nhanh tay chọn ngay cho bạn và gia đình các sản phẩm cực HOT với giá cực ưu đãi này nào!</p> \r\n\r\n                    <p><b>Quý khách hàng lưu ý:</b><br>\r\n                        <ul>\r\n                            <li>Chương trình không áp dụng đồng thời với các chương trình khuyến mãi khác.</li>\r\n                            <li>Hàng giảm giá đã mua trong chương trình được đổi 01 lần sang sản phẩm size khác, màu khác trong cùng 01 mã (nếu còn hàng) trong vòng 15 ngày kể từ ngày mua.</li>\r\n                            <li>Nếu đổi sang sản phẩm có giá trị thấp hơn, khách hàng không nhận lại tiền thừa.</li>\r\n                            <li>Nếu đổi sang sản phẩm có giá trị cao hơn, khách hàng vui lòng thanh toán phần chênh lệch. Giá trị chênh lệch sẽ được tính theo mức nguyên giá</li>\r\n                        </ul>\r\n', '2019-12-10 07:10:00', '2019-12-11 07:00:00', '2019-12-13 23:59:59'),
(5, 'BIG SALE !!! TOÀN BỘ SẢN PHẨM GIẢM 50%', '<p>Từ 12 – 18/09/2019, NTH trân trọng gửi đến bạn chương trình BIG SALE TOÀN BỘ SẢN PHẨM GIẢM 50%.</p>\r\n<p>Chương trình áp dụng tại hệ thống cửa hàng và đại lý NTH  Toàn Quốc và mua hàng Online trên website </p>', 'KM_4.jpg', '<p><b>Nội dung:</b><br>\r\n                        . Không áp dụng giảm thêm 50% trên giá đã giảm.<br>\r\n\r\nGhé qua cửa hàng NTH ngay để không bỏ lỡ mùa Trăng đẹp nhất và mùa Sale lớn nhất.<br>\r\n\r\nQuý khách hàng lưu ý:\r\n<ul>\r\n    <li>Không áp dụng đồng thời cùng các chương trình khuyến mãi khác;</li>\r\n    <li>Không áp dụng đồng thời giảm giá thẻ VIP, sinh nhật VIP; các loại thẻ voucher % khác;</li>\r\n    <li>Áp dụng đồng thời cùng thẻ Esteem, thẻ quà tặng và các loại thẻ mệnh giá khác (Theo quy chế thẻ tương ứng);</li>\r\n    <li>Áp dụng đồng thời cùng chương trình tải apps lần đầu (đối với khách hàng có mã nhưng chưa sử dụng)\r\n</li>\r\n    <li>Áp dụng cấp thẻ VIP, thẻ tích điểm và tích điểm đối với khách hàng dựa trên giá trị thanh toán cuối cùng;</li>\r\n    <li>Hàng giảm giá, đồng giá, giá đặc biệt đã mua theo chương trình chỉ được đổi 01 lần sang màu khác, size khác trên cùng một mã sản phẩm trong vòng 15 ngày nếu còn hàng. Nếu đổi sang sản phẩm có giá trị thấp hơn, khách hàng không nhận lại tiền thừa. Nếu đổi sang sản phẩm có giá trị cao hơn, khách hàng vui lòng thanh toán phần chênh lệch và phần chênh lệch sẽ không được tính giảm giá.</li>\r\n</ul>           ', '2019-09-11 00:00:00', '2019-09-12 07:00:00', '2019-09-18 23:59:59');

-- --------------------------------------------------------

--
-- Cấu trúc bảng cho bảng `tbl_user`
--

CREATE TABLE `tbl_user` (
  `id_user` int(11) NOT NULL,
  `email` varchar(500) NOT NULL,
  `pass` varchar(500) NOT NULL,
  `name` varchar(500) DEFAULT NULL,
  `sdt` varchar(20) DEFAULT NULL,
  `ngaysinh` date DEFAULT NULL,
  `diachi` varchar(500) DEFAULT NULL,
  `chucdanh` int(11) DEFAULT NULL
) ENGINE=InnoDB DEFAULT CHARSET=utf8;

--
-- Đang đổ dữ liệu cho bảng `tbl_user`
--

INSERT INTO `tbl_user` (`id_user`, `email`, `pass`, `name`, `sdt`, `ngaysinh`, `diachi`, `chucdanh`) VALUES
(0, 'nth@gmail.com', 'e10adc3949ba59abbe56e057f20f883e', 'Nguyễn Tiến Huy', '0981519920', '1999-09-27', 'Minh Khai - Hoài Đức - Hà Nội', 1),
(11, 'huy@gmail.com', 'e10adc3949ba59abbe56e057f20f883e', ' ', '0981519920', '2020-12-04', 'Hà Nội-Hoài đức', 0),
(16, 'nva@gmail.com', 'e10adc3949ba59abbe56e057f20f883e', 'Tiến', '0981519920', '1999-12-02', 'Hà Nội', 0),
(17, 'chi1cothe@gmail.com', 'e10adc3949ba59abbe56e057f20f883e', 'Huy', '0981519920', '1999-09-27', 'Ha Noi', 1),
(18, 'abc@gmail.com', 'e10adc3949ba59abbe56e057f20f883e', 'Trang 1', '12345678', '1996-07-20', 'Hà Nội-Hoài Đức', 0);

-- --------------------------------------------------------

--
-- Cấu trúc cho view `rating`
--
DROP TABLE IF EXISTS `rating`;

CREATE ALGORITHM=UNDEFINED DEFINER=`root`@`localhost` SQL SECURITY DEFINER VIEW `rating`  AS  select `tbl_product`.`product_id` AS `product_id`,`tbl_product`.`img1` AS `img`,`tbl_product`.`name` AS `name`,count(`tbl_cmt`.`cmt_id`) AS `socmt`,avg(`tbl_cmt`.`rating`) AS `rating` from (`tbl_cmt` join `tbl_product`) where `tbl_product`.`product_id` = `tbl_cmt`.`product_id` group by `tbl_cmt`.`product_id` ;

--
-- Chỉ mục cho các bảng đã đổ
--

--
-- Chỉ mục cho bảng `tbl_advertisements`
--
ALTER TABLE `tbl_advertisements`
  ADD PRIMARY KEY (`id_ad`);

--
-- Chỉ mục cho bảng `tbl_cart`
--
ALTER TABLE `tbl_cart`
  ADD PRIMARY KEY (`id_cart`);

--
-- Chỉ mục cho bảng `tbl_category`
--
ALTER TABLE `tbl_category`
  ADD PRIMARY KEY (`category_id`);

--
-- Chỉ mục cho bảng `tbl_cmt`
--
ALTER TABLE `tbl_cmt`
  ADD PRIMARY KEY (`cmt_id`);

--
-- Chỉ mục cho bảng `tbl_contact`
--
ALTER TABLE `tbl_contact`
  ADD PRIMARY KEY (`id_contact`);

--
-- Chỉ mục cho bảng `tbl_customer`
--
ALTER TABLE `tbl_customer`
  ADD PRIMARY KEY (`customer_id`);

--
-- Chỉ mục cho bảng `tbl_detailproduct`
--
ALTER TABLE `tbl_detailproduct`
  ADD PRIMARY KEY (`id_detailproduct`);

--
-- Chỉ mục cho bảng `tbl_news`
--
ALTER TABLE `tbl_news`
  ADD PRIMARY KEY (`id_new`);

--
-- Chỉ mục cho bảng `tbl_order`
--
ALTER TABLE `tbl_order`
  ADD PRIMARY KEY (`order_id`);

--
-- Chỉ mục cho bảng `tbl_order_detail`
--
ALTER TABLE `tbl_order_detail`
  ADD PRIMARY KEY (`order_detail_id`);

--
-- Chỉ mục cho bảng `tbl_product`
--
ALTER TABLE `tbl_product`
  ADD PRIMARY KEY (`product_id`);

--
-- Chỉ mục cho bảng `tbl_productheart`
--
ALTER TABLE `tbl_productheart`
  ADD PRIMARY KEY (`productheart_id`);

--
-- Chỉ mục cho bảng `tbl_promotion`
--
ALTER TABLE `tbl_promotion`
  ADD PRIMARY KEY (`id_pro`);

--
-- Chỉ mục cho bảng `tbl_user`
--
ALTER TABLE `tbl_user`
  ADD PRIMARY KEY (`id_user`);

--
-- AUTO_INCREMENT cho các bảng đã đổ
--

--
-- AUTO_INCREMENT cho bảng `tbl_advertisements`
--
ALTER TABLE `tbl_advertisements`
  MODIFY `id_ad` int(11) NOT NULL AUTO_INCREMENT, AUTO_INCREMENT=9;

--
-- AUTO_INCREMENT cho bảng `tbl_cart`
--
ALTER TABLE `tbl_cart`
  MODIFY `id_cart` int(11) NOT NULL AUTO_INCREMENT, AUTO_INCREMENT=8;

--
-- AUTO_INCREMENT cho bảng `tbl_category`
--
ALTER TABLE `tbl_category`
  MODIFY `category_id` int(11) NOT NULL AUTO_INCREMENT, AUTO_INCREMENT=8;

--
-- AUTO_INCREMENT cho bảng `tbl_cmt`
--
ALTER TABLE `tbl_cmt`
  MODIFY `cmt_id` int(11) NOT NULL AUTO_INCREMENT, AUTO_INCREMENT=63;

--
-- AUTO_INCREMENT cho bảng `tbl_contact`
--
ALTER TABLE `tbl_contact`
  MODIFY `id_contact` int(11) NOT NULL AUTO_INCREMENT, AUTO_INCREMENT=6;

--
-- AUTO_INCREMENT cho bảng `tbl_customer`
--
ALTER TABLE `tbl_customer`
  MODIFY `customer_id` int(11) NOT NULL AUTO_INCREMENT, AUTO_INCREMENT=10;

--
-- AUTO_INCREMENT cho bảng `tbl_detailproduct`
--
ALTER TABLE `tbl_detailproduct`
  MODIFY `id_detailproduct` int(11) NOT NULL AUTO_INCREMENT, AUTO_INCREMENT=68;

--
-- AUTO_INCREMENT cho bảng `tbl_news`
--
ALTER TABLE `tbl_news`
  MODIFY `id_new` int(11) NOT NULL AUTO_INCREMENT, AUTO_INCREMENT=12;

--
-- AUTO_INCREMENT cho bảng `tbl_order`
--
ALTER TABLE `tbl_order`
  MODIFY `order_id` int(11) NOT NULL AUTO_INCREMENT, AUTO_INCREMENT=10;

--
-- AUTO_INCREMENT cho bảng `tbl_order_detail`
--
ALTER TABLE `tbl_order_detail`
  MODIFY `order_detail_id` int(11) NOT NULL AUTO_INCREMENT, AUTO_INCREMENT=11;

--
-- AUTO_INCREMENT cho bảng `tbl_product`
--
ALTER TABLE `tbl_product`
  MODIFY `product_id` int(11) NOT NULL AUTO_INCREMENT, AUTO_INCREMENT=49;

--
-- AUTO_INCREMENT cho bảng `tbl_productheart`
--
ALTER TABLE `tbl_productheart`
  MODIFY `productheart_id` int(11) NOT NULL AUTO_INCREMENT, AUTO_INCREMENT=97;

--
-- AUTO_INCREMENT cho bảng `tbl_promotion`
--
ALTER TABLE `tbl_promotion`
  MODIFY `id_pro` int(11) NOT NULL AUTO_INCREMENT, AUTO_INCREMENT=6;

--
-- AUTO_INCREMENT cho bảng `tbl_user`
--
ALTER TABLE `tbl_user`
  MODIFY `id_user` int(11) NOT NULL AUTO_INCREMENT, AUTO_INCREMENT=19;
COMMIT;

/*!40101 SET CHARACTER_SET_CLIENT=@OLD_CHARACTER_SET_CLIENT */;
/*!40101 SET CHARACTER_SET_RESULTS=@OLD_CHARACTER_SET_RESULTS */;
/*!40101 SET COLLATION_CONNECTION=@OLD_COLLATION_CONNECTION */;
